weighted_zip,year,glp1ra_count,state_population,zip,lat,lng,city,state_id,state_name,zcta,parent_zcta,population,density,county_fips,county_name,county_weights,county_names_all,county_fips_all,imprecise,military,timezone,age_median,age_under_10,age_10_to_19,age_20s,age_30s,age_40s,age_50s,age_60s,age_70s,age_over_80,age_over_65,age_18_to_24,age_over_18,male,female,married,divorced,never_married,widowed,family_size,family_dual_income,income_household_median,income_household_under_5,income_household_5_to_10,income_household_10_to_15,income_household_15_to_20,income_household_20_to_25,income_household_25_to_35,income_household_35_to_50,income_household_50_to_75,income_household_75_to_100,income_household_100_to_150,income_household_150_over,income_household_six_figure,income_individual_median,home_ownership,housing_units,home_value,rent_median,rent_burden,education_less_highschool,education_highschool,education_some_college,education_bachelors,education_graduate,education_college_or_above,education_stem_degree,labor_force_participation,unemployment_rate,self_employed,farmer,race_white,race_black,race_asian,race_native,race_pacific,race_other,race_multiple,hispanic,disabled,poverty,limited_english,commute_time,health_uninsured,veteran,charitable_givers,cbsa_fips,cbsa_name,cbsa_metro,csa_fips,csa_name,metdiv_fips,metdiv_name,glp1ra_rate,PrimaryRUCADescription,rural_urban,diabetes_patients_count,diabetes_rate
8270,2013,29,22081788.0,8270.0,39.42125,-98.69587,Jacksonville,CA,California,False,,38194.0,232.3,45132.0,Harris,"{""45132"": 100}",Harris,45132,True,True,America/Phoenix,34.3,16.3,5.8,15.8,19.1,5.0,19.9,14.3,14.2,0.2,0.6,12.9,10.0,45.5,54.5,69.2,8.5,17.3,6.9,2.76,79.2,146216.0,1.4,18.2,5.1,2.0,28.5,29.0,24.3,9.1,2.9,20.5,13.2,3.7,79900.0,83.3,534.0,704365.0,2455.0,,11.4,31.4,19.9,12.3,24.9,6.1,34.5,63.5,5.2,,4.6,58.5,26.8,46.1,42.1,76.9,67.7,60.0,29.3,13.8,24.3,12.1,,9.1,8.0,,12568.0,Los Angeles-Long Beach-Anaheim,False,443.0,,12027.0,,1.3132994483961172e-06,Small town core,Rural,1785.0,8.08358453581748e-05
6258,2012,17,36291527.0,6258.0,42.72518,-79.49505,Columbus,NY,New York,False,,39660.0,463.5,65506.0,Orange,"{""65506"": 100}",Orange,65506,True,False,America/Denver,33.5,21.6,14.3,10.0,6.0,9.7,9.9,15.9,14.6,22.2,11.8,6.8,17.8,52.6,47.4,56.8,16.6,27.3,6.2,2.86,31.3,80636.0,6.1,26.9,14.3,16.9,20.9,4.2,18.1,16.2,6.1,28.3,18.0,20.8,42299.0,87.2,2097.0,542296.0,1295.0,36.1,11.5,36.2,23.9,33.3,36.4,16.1,8.9,56.8,5.4,17.3,4.3,1.5,41.3,34.0,18.5,10.5,27.7,75.5,19.5,12.8,19.1,7.3,44.2,19.4,7.5,49.9,33664.0,Houston-The Woodlands-Sugar Land,False,200.0,New York-Newark,,New York-White Plains-Wayne,4.684288980179864e-07,Micropolitan core,Urban,1121.0,3.088875262812722e-05
1698,2010,2,12506305.0,1698.0,34.77593,-123.05001,San Antonio,IL,Illinois,False,,39623.0,454.6,47718.0,Dallas,"{""47718"": 100}",Dallas,47718,True,False,America/Denver,34.3,12.2,19.8,8.6,15.1,16.4,8.6,15.9,10.5,15.8,15.8,13.0,2.3,53.4,46.6,49.6,7.8,16.0,6.7,3.36,30.8,64754.0,24.3,10.5,2.9,28.2,11.9,15.5,25.1,20.3,22.1,6.3,16.2,20.9,36646.0,76.4,1123.0,207512.0,1380.0,24.8,8.3,36.4,36.5,27.2,16.9,17.2,30.4,76.9,9.1,16.7,3.2,7.6,13.8,72.0,48.9,1.7,9.0,53.4,5.2,7.4,16.0,13.8,34.6,8.4,12.1,,33328.0,,True,497.0,New York-Newark,,,1.5991933668657528e-07,Small town core,Rural,40.0,3.198386733731506e-06
5911,2013,8,24508102.0,5911.0,42.5235,-106.82441,Phoenix,TX,Texas,True,,5555.0,256.9,46526.0,Queens,"{""46526"": 100}",Queens,46526,False,True,America/Los_Angeles,38.0,6.1,19.6,10.9,18.4,14.5,16.9,12.5,13.7,12.3,4.9,15.8,7.0,45.2,54.8,59.4,7.7,38.5,9.6,3.83,48.5,93208.0,28.6,9.9,16.6,17.2,29.4,2.3,9.2,5.7,8.1,14.6,11.2,11.8,43093.0,77.8,2395.0,545101.0,1125.0,32.3,39.7,9.9,23.1,35.7,30.9,29.4,29.6,60.8,4.3,17.1,,65.0,69.5,73.1,41.4,40.6,64.1,52.3,36.6,16.9,22.8,6.8,26.3,6.4,10.8,31.4,38312.0,Houston-The Woodlands-Sugar Land,True,285.0,,,New York-White Plains-Wayne,3.2642266626766936e-07,Micropolitan core,Urban,654.0,2.6685052967381972e-05
2148,2015,22,2079600.0,2148.0,25.4337,-76.46657,San Antonio,MI,Michigan,True,,30749.0,270.9,93773.0,Queens,"{""93773"": 100}",Queens,93773,False,False,America/Phoenix,45.7,19.2,8.2,14.3,6.3,5.8,13.0,13.1,14.6,18.2,24.4,12.7,8.1,53.0,47.0,48.1,11.6,17.0,2.2,3.93,71.8,119480.0,20.7,1.7,27.5,13.3,7.2,2.8,5.5,28.0,19.1,15.5,19.7,13.1,76156.0,66.8,3647.0,612153.0,2179.0,,10.6,9.2,17.0,8.2,8.3,15.9,39.3,55.3,2.1,16.5,4.0,28.4,37.7,52.3,4.8,76.0,71.0,21.6,5.7,19.0,15.0,10.8,35.5,14.2,14.4,,40977.0,,False,,Chicago-Naperville,39168.0,New York-White Plains-Wayne,1.0578957491825351e-05,Micropolitan high commuting,Rural,1115.0,0.0005361608001538757
7303,2020,20,23734731.0,7303.0,34.20425,-87.046,Dallas,MI,Michigan,True,,5000.0,406.5,94611.0,Harris,"{""94611"": 100}",Harris,94611,True,False,America/Los_Angeles,58.2,9.7,19.4,18.6,7.9,6.0,6.5,5.3,6.4,17.1,1.8,9.8,21.1,45.2,54.8,64.4,9.2,18.0,7.6,3.26,73.9,135891.0,12.5,29.0,16.4,12.7,17.1,17.3,21.9,3.8,7.5,17.4,26.0,16.9,64811.0,67.2,2826.0,737144.0,,24.8,18.2,23.7,22.4,18.6,15.4,8.5,6.9,78.8,8.8,10.3,4.8,54.5,39.1,39.9,7.6,8.2,48.6,44.7,14.6,19.2,20.6,2.3,42.9,19.6,15.0,,47497.0,New York-Newark-Jersey City,True,232.0,Los Angeles-Long Beach,,,8.426470053526202e-07,Metropolitan high commuting,Urban,1386.0,5.839543747093658e-05
6334,2022,43,12624266.0,6334.0,27.42668,-116.56349,Phoenix,NC,North Carolina,False,,24625.0,419.3,73593.0,Miami-Dade,"{""73593"": 100}",Miami-Dade,73593,True,False,America/Los_Angeles,33.0,2.1,15.5,6.1,17.3,15.6,6.2,6.3,19.8,9.4,9.3,17.2,23.7,54.9,45.1,62.6,10.6,17.1,8.2,3.12,51.2,85129.0,9.9,13.0,7.6,12.2,17.1,22.2,23.0,24.7,22.3,20.4,7.1,12.0,54299.0,61.4,1323.0,313920.0,1433.0,28.7,33.1,39.2,24.5,16.3,6.5,37.4,37.2,57.6,7.6,6.1,0.8,18.1,24.3,79.7,56.1,31.4,59.2,73.3,48.1,5.9,12.9,2.1,,10.0,6.7,,46487.0,Los Angeles-Long Beach-Anaheim,True,,Los Angeles-Long Beach,,,3.4061386222375224e-06,Small town core,Urban,3175.0,0.00025149977036288684
8483,2011,28,5166500.0,8483.0,48.85987,-66.81357,Dallas,NY,New York,False,,48605.0,21.0,39089.0,Maricopa,"{""39089"": 100}",Maricopa,39089,True,False,America/Chicago,39.3,20.3,15.3,7.4,18.7,17.3,19.2,15.9,14.2,10.5,23.3,18.0,1.1,45.3,54.7,51.3,17.2,39.7,3.2,3.19,49.0,50309.0,24.9,17.1,1.9,1.1,4.0,0.4,2.3,20.8,16.0,22.5,27.4,17.6,23636.0,87.8,4678.0,244528.0,2401.0,25.0,14.6,12.3,35.7,31.5,6.6,14.4,5.8,64.9,5.8,,,66.7,25.3,65.5,77.5,8.0,63.6,47.6,26.6,11.3,20.7,12.8,39.2,18.5,11.2,69.2,18017.0,New York-Newark-Jersey City,,385.0,New York-Newark,,,5.419529662247169e-06,Rural,Urban,1638.0,0.0003170424852414594
8002,2012,34,20350835.0,8002.0,38.18616,-98.39628,San Antonio,FL,Florida,False,,43318.0,201.3,71391.0,Cook,"{""71391"": 100}",Cook,71391,False,True,America/New_York,45.7,17.4,16.9,11.9,17.6,16.5,6.0,5.7,14.3,8.7,5.2,13.7,8.5,50.4,49.6,53.8,13.8,25.0,7.6,2.36,64.8,71240.0,26.9,14.2,20.0,5.2,5.8,1.2,5.1,8.4,5.3,2.7,3.6,13.8,38777.0,85.8,2468.0,191865.0,2336.0,26.4,8.2,21.8,29.1,22.9,10.5,18.2,5.1,76.0,2.7,,,48.2,78.9,43.4,74.0,19.7,61.0,43.0,37.4,5.9,8.0,2.7,35.6,17.7,12.5,,11531.0,Dallas-Fort Worth-Arlington,True,,Chicago-Naperville,33333.0,Los Angeles-Long Beach-Glendale,1.6706931189801304e-06,Rural,Rural,3126.0,0.00015360549088034962
2906,2018,37,20096265.0,2906.0,38.59913,-75.39811,Columbus,NY,New York,False,,7229.0,167.1,48916.0,Los Angeles,"{""48916"": 100}",Los Angeles,48916,True,False,America/New_York,37.0,8.6,12.1,10.3,14.7,12.2,13.8,16.1,13.4,14.7,14.1,10.7,8.4,54.0,46.0,58.2,8.7,27.5,4.6,3.87,30.4,122436.0,4.6,7.4,4.8,5.6,8.6,5.2,26.9,2.4,15.7,12.3,29.5,3.4,76641.0,73.0,4670.0,222883.0,,20.1,39.1,22.2,30.3,33.7,30.1,23.7,21.7,75.2,3.6,19.5,3.6,16.8,59.2,42.9,56.9,61.7,7.9,41.0,46.9,9.8,16.9,7.4,,11.8,10.5,52.0,49809.0,,,112.0,,15287.0,,1.8411381418387945e-06,Metropolitan high commuting,Urban,1989.0,9.897361524641519e-05
9512,2014,9,32443720.0,9512.0,39.39097,-97.177,San Jose,TX,Texas,False,,27614.0,398.2,43079.0,Queens,"{""43079"": 100}",Queens,43079,False,False,America/Chicago,57.9,20.8,19.5,6.9,16.0,19.1,7.7,6.0,16.1,14.4,21.0,7.1,19.9,47.0,53.0,44.9,7.5,35.4,7.3,3.05,47.9,44060.0,17.6,20.5,13.6,21.4,27.0,18.7,16.2,13.2,17.3,10.7,11.7,16.0,56455.0,59.2,3610.0,665445.0,2169.0,26.7,30.6,29.3,10.8,35.8,22.3,31.0,25.1,79.9,8.0,,,56.9,62.5,12.3,17.2,57.4,40.0,60.6,9.6,13.0,12.6,9.1,33.1,12.5,10.4,49.5,28755.0,New York-Newark-Jersey City,True,,,,New York-White Plains-Wayne,2.77403454351104e-07,Micropolitan core,Rural,774.0,2.3856697074194943e-05
5225,2020,31,21154994.0,5225.0,41.84871,-92.97926,Phoenix,FL,Florida,False,,35884.0,414.3,15154.0,San Diego,"{""15154"": 100}",San Diego,15154,True,False,America/New_York,40.3,5.7,11.4,9.3,14.2,18.7,7.1,6.5,8.8,18.2,14.8,6.5,23.0,52.9,47.1,40.7,14.8,34.3,5.0,2.14,33.9,74327.0,25.2,27.3,3.7,7.1,5.0,5.6,25.1,10.0,9.3,6.8,18.2,11.4,29524.0,63.4,4007.0,113224.0,1074.0,,19.5,35.2,37.3,21.3,21.8,37.1,25.5,51.0,9.3,,,20.6,46.6,14.1,3.7,25.6,62.7,22.9,14.9,8.2,15.3,19.5,28.8,13.4,13.6,,31566.0,Los Angeles-Long Beach-Anaheim,False,288.0,,30806.0,,1.4653750315410158e-06,Micropolitan high commuting,Rural,2102.0,9.936188117094243e-05
2759,2022,30,22105074.0,2759.0,29.74764,-72.0148,Phoenix,CA,California,True,,3079.0,236.8,28953.0,Harris,"{""28953"": 100}",Harris,28953,False,True,America/Los_Angeles,31.1,11.8,13.5,6.0,16.6,11.8,12.9,11.6,11.0,14.0,3.9,7.7,21.5,54.5,45.5,51.2,9.1,31.1,5.3,2.05,37.8,115382.0,19.8,0.8,6.7,6.9,20.2,0.6,3.1,24.0,5.4,19.6,7.1,3.0,54911.0,89.5,1811.0,708746.0,951.0,38.9,9.9,19.2,16.3,8.0,27.2,30.8,34.7,53.7,9.0,,,51.8,56.6,72.9,50.4,27.5,66.2,29.7,6.5,17.5,11.9,15.5,25.9,17.9,7.2,69.0,27771.0,Houston-The Woodlands-Sugar Land,False,,,39975.0,New York-White Plains-Wayne,1.3571544705075406e-06,Small town core,Urban,892.0,4.0352726256424204e-05
3679,2020,46,10944790.0,3679.0,44.49638,-99.9124,Houston,TX,Texas,False,,36954.0,258.7,79345.0,Orange,"{""79345"": 100}",Orange,79345,True,True,America/Chicago,46.2,15.8,8.9,7.1,17.5,19.8,12.9,7.6,9.1,0.5,22.9,6.8,14.4,47.7,52.3,56.6,14.8,35.7,3.7,2.02,36.8,136296.0,8.0,22.0,7.5,19.0,14.8,17.2,25.1,12.1,23.1,12.7,10.6,28.8,39250.0,53.6,4624.0,681780.0,1819.0,28.7,37.0,30.3,26.4,38.2,18.9,38.4,9.7,64.5,4.2,13.1,,13.8,67.5,67.9,76.5,13.2,50.2,38.5,20.5,10.3,13.3,14.1,32.9,11.9,5.8,33.1,30587.0,Los Angeles-Long Beach-Anaheim,True,,,,,4.2029129841687236e-06,Rural,Rural,631.0,5.765300202196662e-05
4549,2015,34,7867218.0,4549.0,32.36491,-77.36162,Phoenix,NY,New York,True,,7960.0,72.7,50482.0,Maricopa,"{""50482"": 100}",Maricopa,50482,False,False,America/Denver,50.7,13.0,6.3,19.4,16.4,14.6,16.4,15.9,14.6,24.5,22.6,14.7,17.3,45.5,54.5,60.1,5.7,29.7,10.0,3.11,53.7,112310.0,1.0,20.9,8.9,27.7,29.1,28.3,14.2,25.9,25.3,9.6,24.9,1.1,29374.0,64.6,3167.0,550348.0,1621.0,37.7,23.6,20.4,19.2,25.0,33.1,23.8,28.2,72.1,6.2,,2.1,70.3,34.0,37.5,79.2,1.0,15.7,31.3,47.0,6.1,5.2,1.1,17.7,5.6,9.8,53.2,28155.0,New York-Newark-Jersey City,False,,Chicago-Naperville,,,4.321731010885932e-06,Small town core,Rural,1602.0,0.00020362979645409596
5361,2018,39,30610323.0,5361.0,42.93956,-110.91215,San Antonio,MI,Michigan,True,,3050.0,236.3,25952.0,Queens,"{""25952"": 100}",Queens,25952,True,False,America/New_York,38.6,7.4,8.5,5.6,5.3,19.8,11.4,10.8,15.2,5.5,23.7,16.8,2.2,49.2,50.8,66.4,19.2,26.7,6.9,2.33,79.6,84842.0,12.0,25.1,6.9,24.9,3.6,1.4,11.5,1.1,28.7,24.8,24.0,18.9,20726.0,85.4,3670.0,555699.0,2413.0,,23.4,14.1,23.0,22.2,39.9,36.4,21.2,68.7,8.0,5.5,4.5,69.0,37.1,31.9,22.6,38.7,4.5,68.3,6.6,9.9,23.6,14.7,23.4,8.8,5.1,57.8,15295.0,New York-Newark-Jersey City,False,189.0,New York-Newark,39125.0,,1.2740799892898877e-06,Small town core,Rural,426.0,1.3916873729166464e-05
4020,2021,5,31495692.0,4020.0,45.78017,-95.78635,Philadelphia,OH,Ohio,False,,48327.0,260.5,85083.0,Maricopa,"{""85083"": 100}",Maricopa,85083,False,False,America/Chicago,54.7,8.7,15.2,13.5,9.0,18.2,17.0,14.9,17.8,21.7,17.7,17.6,17.4,51.8,48.2,58.6,16.3,19.0,9.0,3.74,31.5,77638.0,0.2,24.6,6.9,27.3,0.0,16.7,22.7,7.8,5.8,2.5,9.8,16.8,51966.0,65.1,1507.0,302053.0,2961.0,20.4,20.1,34.4,18.7,11.3,31.4,32.6,11.1,73.1,9.6,7.5,,61.9,57.0,38.4,5.6,6.9,68.3,79.2,35.4,11.7,18.0,11.9,26.5,6.0,13.2,44.9,37570.0,Dallas-Fort Worth-Arlington,True,558.0,Los Angeles-Long Beach,,,1.58751869938276e-07,Micropolitan high commuting,Rural,107.0,3.3972900166791064e-06
4356,2013,17,37265058.0,4356.0,35.78468,-115.34619,Jacksonville,NY,New York,False,,42846.0,413.8,18483.0,Maricopa,"{""18483"": 100}",Maricopa,18483,True,True,America/New_York,36.6,2.1,15.2,14.8,9.1,19.3,7.3,11.5,19.2,10.5,16.0,11.0,6.9,54.8,45.2,52.3,18.4,20.7,3.7,2.06,62.6,144187.0,16.9,14.1,16.3,4.8,6.1,2.7,4.6,13.6,15.9,0.5,23.9,8.8,25655.0,86.8,3446.0,770611.0,1026.0,29.6,9.1,9.4,29.0,20.1,12.0,22.2,7.2,67.5,4.2,17.0,,25.5,37.0,1.9,6.7,32.0,38.9,48.4,18.1,15.4,22.2,15.6,16.2,12.2,6.0,39.7,,Dallas-Fort Worth-Arlington,True,476.0,,48559.0,New York-White Plains-Wayne,4.5619142736877e-07,Rural,Urban,1656.0,4.443841198368724e-05
9783,2015,22,32029339.0,9783.0,42.06162,-91.98073,Columbus,NC,North Carolina,False,,23431.0,470.9,50154.0,Maricopa,"{""50154"": 100}",Maricopa,50154,True,False,America/Chicago,46.0,22.1,6.2,17.4,10.4,9.8,19.7,8.0,15.4,20.5,1.0,15.1,23.8,46.2,53.8,66.9,13.9,30.4,6.9,2.6,76.8,132215.0,21.4,24.1,10.2,24.4,2.4,26.8,16.4,24.5,13.6,19.3,15.8,21.9,66026.0,79.0,2634.0,734379.0,2060.0,37.4,12.7,39.2,16.8,11.4,32.6,28.1,22.4,66.7,7.8,8.4,5.0,78.0,52.4,16.8,54.7,6.7,3.4,21.4,25.8,18.0,19.5,14.9,27.8,10.2,8.7,69.5,49063.0,Houston-The Woodlands-Sugar Land,False,149.0,Boston-Worcester-Providence,,Los Angeles-Long Beach-Glendale,6.868702473066959e-07,Metropolitan high commuting,Rural,1932.0,6.031969626347893e-05
5703,2018,36,28950196.0,5703.0,34.38788,-89.23487,Houston,IL,Illinois,False,,27958.0,450.8,46351.0,San Diego,"{""46351"": 100}",San Diego,46351,True,False,America/Denver,38.3,14.8,18.7,8.2,14.3,14.5,16.0,7.0,15.7,22.7,4.5,8.6,24.3,46.8,53.2,65.6,12.4,21.2,9.0,2.89,55.7,77064.0,19.9,2.9,19.6,9.4,12.0,25.7,0.3,17.7,18.0,11.9,7.1,7.0,72233.0,52.9,769.0,438511.0,2493.0,29.0,28.4,10.1,20.7,25.6,38.2,13.8,17.6,61.4,6.8,,,29.2,43.1,62.8,56.7,36.3,69.3,45.1,29.3,5.5,24.7,2.5,21.9,5.8,11.4,39.0,,Houston-The Woodlands-Sugar Land,True,,,20724.0,,1.2435148971012147e-06,Micropolitan high commuting,Urban,1442.0,4.9809680044998656e-05
7980,2010,49,29113586.0,7980.0,25.53932,-116.24775,San Jose,OH,Ohio,False,,36057.0,482.7,66662.0,Dallas,"{""66662"": 100}",Dallas,66662,False,False,America/Los_Angeles,58.6,16.0,18.0,11.8,12.7,12.3,15.0,7.1,5.4,7.7,17.6,8.0,16.8,54.7,45.3,42.8,15.1,26.1,8.9,2.35,64.6,77414.0,29.4,11.2,0.5,7.3,24.9,25.9,23.1,3.4,23.9,27.6,18.0,28.2,66733.0,65.8,2908.0,734457.0,1509.0,32.1,16.1,35.3,39.8,31.3,8.2,15.1,8.8,69.5,8.1,18.9,2.2,72.2,70.4,26.1,69.6,30.7,24.5,52.3,19.8,14.5,17.2,11.3,26.4,13.2,11.0,,18927.0,Dallas-Fort Worth-Arlington,False,596.0,New York-Newark,41010.0,,1.683063020817841e-06,Micropolitan high commuting,Urban,3828.0,0.0001314850049732795
8010,2017,46,9379341.0,8010.0,39.98726,-97.65385,Jacksonville,OH,Ohio,True,,42986.0,273.5,7472.0,Harris,"{""7472"": 100}",Harris,7472,True,False,America/Los_Angeles,45.6,12.0,5.4,10.1,10.7,11.0,13.7,13.0,14.1,19.1,20.3,15.8,23.9,45.2,54.8,45.9,5.1,31.2,9.2,2.49,76.4,140350.0,5.9,14.4,5.8,5.0,18.5,15.7,20.1,27.9,16.0,17.4,2.7,21.5,32289.0,60.9,2637.0,357368.0,849.0,23.6,28.8,11.4,23.4,29.8,8.7,24.9,14.0,78.9,5.9,17.1,2.8,4.4,51.0,76.2,48.5,65.7,70.9,19.0,14.5,14.2,13.2,16.8,42.0,10.3,7.4,61.2,49575.0,Dallas-Fort Worth-Arlington,,118.0,Chicago-Naperville,,,4.90439573526541e-06,Micropolitan high commuting,Urban,4143.0,0.000441715468069665
8227,2016,10,8667857.0,8227.0,43.6664,-116.16747,Springfield,NY,New York,True,,43422.0,295.4,65175.0,Queens,"{""65175"": 100}",Queens,65175,True,True,America/Chicago,37.1,21.7,12.1,13.0,7.7,9.7,8.5,8.1,14.6,6.4,15.8,5.9,3.5,47.7,52.3,57.9,15.1,26.1,5.6,3.45,30.8,139847.0,3.9,3.1,21.7,17.4,8.2,2.4,2.6,26.8,5.8,9.7,6.8,10.6,69859.0,67.7,4213.0,372900.0,2975.0,,13.2,23.9,35.8,27.8,23.7,16.4,16.7,70.1,10.0,14.9,,45.1,58.7,37.8,5.8,45.4,76.7,14.8,36.1,8.0,15.7,1.9,28.5,16.3,8.5,56.6,49891.0,New York-Newark-Jersey City,True,102.0,,,,1.1536876992779183e-06,Micropolitan high commuting,Rural,755.0,8.710342129548284e-05
1236,2016,28,24255666.0,1236.0,28.3104,-66.44347,San Antonio,NY,New York,True,,42323.0,125.6,83206.0,Maricopa,"{""83206"": 100}",Maricopa,83206,True,False,America/Phoenix,45.6,15.6,6.3,16.3,6.9,17.4,16.7,15.6,5.5,7.6,6.6,10.4,2.2,54.4,45.6,56.6,9.6,24.9,5.6,3.2,55.8,113362.0,23.6,17.2,17.0,11.7,15.0,11.9,16.2,18.8,20.2,16.0,21.6,4.2,51750.0,62.2,572.0,178222.0,1928.0,20.5,10.4,12.8,38.5,25.1,37.6,25.1,21.8,59.4,6.9,7.1,,72.0,66.5,26.1,76.3,66.2,53.6,10.6,26.5,12.6,9.7,1.6,38.3,6.8,10.9,67.5,,New York-Newark-Jersey City,False,,Boston-Worcester-Providence,38179.0,,1.1543694574290395e-06,Micropolitan high commuting,Rural,1961.0,8.084708950065523e-05
4036,2021,6,2428127.0,4036.0,29.90095,-88.44431,San Jose,NC,North Carolina,False,,38947.0,185.6,72967.0,Queens,"{""72967"": 100}",Queens,72967,False,False,America/Chicago,31.8,19.5,11.9,5.9,19.9,5.9,15.4,19.8,8.6,3.6,3.0,9.5,2.5,51.9,48.1,41.9,12.6,39.9,8.5,3.23,45.3,137315.0,19.7,25.4,21.7,23.8,12.1,19.6,10.6,15.8,14.4,5.3,11.6,28.9,24481.0,55.4,2793.0,334213.0,2411.0,,23.7,12.5,5.4,13.4,39.2,33.1,38.6,64.6,2.9,13.2,,36.9,67.7,8.7,39.6,12.9,26.6,59.3,26.4,10.6,12.9,9.2,38.6,18.4,14.6,61.5,43160.0,,True,,,,,2.4710404356938495e-06,Metropolitan high commuting,Rural,484.0,0.00019933059514597054
7272,2011,48,21060188.0,7272.0,31.48419,-70.11119,Dallas,CA,California,True,,29671.0,451.4,91901.0,Orange,"{""91901"": 100}",Orange,91901,False,True,America/Los_Angeles,54.8,12.4,10.8,11.8,8.4,18.3,11.8,18.2,6.6,24.7,11.1,5.7,1.0,52.5,47.5,59.8,17.0,17.6,2.3,3.02,49.4,40142.0,8.9,10.5,23.2,19.8,5.6,5.2,3.0,19.8,22.9,8.0,0.6,2.5,64251.0,86.0,4219.0,354311.0,1420.0,39.5,28.4,5.4,13.9,14.1,7.4,38.6,21.7,76.9,4.6,6.9,,38.5,10.0,39.4,73.7,42.1,49.7,13.4,7.0,6.7,17.0,1.9,26.3,13.3,8.9,36.5,22275.0,Dallas-Fort Worth-Arlington,False,,Chicago-Naperville,,,2.2791819332287062e-06,Small town core,Rural,2941.0,0.00013964737636720052
1685,2010,21,21000738.0,1685.0,41.28637,-106.30157,Houston,TX,Texas,True,,11736.0,132.9,44951.0,Miami-Dade,"{""44951"": 100}",Miami-Dade,44951,True,True,America/Chicago,37.6,18.9,11.9,17.6,15.9,16.6,14.8,7.7,13.2,24.6,23.4,5.6,4.1,46.3,53.7,61.8,17.3,20.3,6.0,3.68,66.6,33754.0,22.7,22.3,18.4,3.2,4.5,2.8,17.3,26.3,13.0,4.8,16.7,24.4,75147.0,79.1,948.0,400931.0,2006.0,28.0,33.0,12.1,24.4,30.7,26.6,11.6,17.4,73.5,6.4,5.1,3.8,3.8,59.9,17.0,76.7,30.1,26.8,12.8,18.8,18.1,24.9,7.4,28.5,15.8,13.9,53.7,11828.0,Chicago-Naperville-Elgin,,,Chicago-Naperville,,,9.999648583778342e-07,Small town core,Urban,1975.0,9.404431406172488e-05
6588,2015,40,28906918.0,6588.0,24.58046,-88.44423,San Diego,TX,Texas,True,,39659.0,94.8,38805.0,Kings,"{""38805"": 100}",Kings,38805,False,False,America/Denver,32.8,14.7,12.2,14.6,6.0,13.7,13.4,13.4,14.1,16.9,20.1,9.0,20.6,50.0,50.0,42.3,5.9,23.4,8.3,3.42,69.4,144367.0,15.6,11.2,3.7,22.1,7.1,11.1,1.9,24.0,23.0,22.0,9.0,5.2,65253.0,75.4,2510.0,616494.0,,,19.3,34.4,18.4,25.0,25.6,11.5,17.7,60.0,2.2,5.4,,66.7,22.6,41.9,24.6,75.3,21.5,34.9,44.3,17.6,8.7,16.1,28.7,12.2,6.3,33.2,,New York-Newark-Jersey City,,330.0,New York-Newark,15105.0,,1.3837518064014988e-06,Rural,Urban,3378.0,0.00011685784005060657
3839,2018,36,12416757.0,3839.0,30.13059,-117.25038,Dallas,OH,Ohio,False,,8736.0,376.9,14976.0,San Diego,"{""14976"": 100}",San Diego,14976,False,False,America/Phoenix,44.2,0.3,9.2,5.7,5.5,9.1,9.1,16.8,19.6,9.3,10.7,17.7,6.7,46.6,53.4,65.6,5.7,30.5,6.5,2.69,45.8,60682.0,10.4,27.0,0.7,19.9,28.9,16.8,28.1,1.6,12.6,7.8,21.9,29.4,48228.0,76.2,2253.0,222788.0,2852.0,29.3,39.0,26.3,17.2,9.0,10.3,12.9,13.8,75.5,6.5,12.9,0.6,69.0,58.1,6.3,56.9,43.9,7.5,37.2,26.8,7.5,23.9,17.0,35.1,11.9,9.1,,22924.0,,,,,,,2.899307766109943e-06,Small town core,Urban,3517.0,0.0002832462614835742
9535,2017,38,27263177.0,9535.0,48.95155,-78.15461,Houston,IL,Illinois,False,,11800.0,104.7,64879.0,Kings,"{""64879"": 100}",Kings,64879,True,True,America/Denver,56.2,13.6,16.4,16.3,5.3,6.9,14.9,7.4,8.8,23.7,14.0,16.3,13.9,50.5,49.5,42.8,10.2,22.1,5.1,3.6,48.6,56390.0,24.7,11.4,23.3,28.9,6.1,15.7,8.6,23.8,17.3,19.0,23.9,11.9,42447.0,85.9,4025.0,308139.0,2933.0,26.3,35.0,36.7,14.7,39.4,9.9,12.1,11.4,76.8,7.2,7.3,2.2,49.6,7.6,70.7,64.5,40.9,77.4,34.0,49.3,15.0,17.7,3.3,41.5,11.4,6.6,30.5,19752.0,Los Angeles-Long Beach-Anaheim,,,,36819.0,,1.3938214170710919e-06,Small town core,Rural,2319.0,8.505978595231216e-05
8833,2014,35,38432795.0,8833.0,45.95443,-76.67525,Jacksonville,GA,Georgia,False,,31129.0,59.8,82836.0,San Diego,"{""82836"": 100}",San Diego,82836,False,False,America/New_York,59.6,22.5,14.8,9.7,8.8,17.3,18.2,12.9,8.7,2.8,2.2,15.8,10.5,54.1,45.9,62.2,7.9,30.3,5.5,3.15,66.9,85915.0,14.1,29.4,19.0,3.8,20.3,9.8,20.6,2.1,5.2,25.7,6.8,25.1,61814.0,53.1,2102.0,352419.0,941.0,30.3,15.7,12.4,6.2,15.6,27.9,37.8,35.5,73.0,8.3,15.0,1.3,72.7,54.0,45.3,9.8,36.3,37.4,69.3,29.6,10.7,24.5,2.2,,11.3,5.4,,33383.0,Houston-The Woodlands-Sugar Land,False,369.0,Los Angeles-Long Beach,,,9.106805789170421e-07,Small town core,Urban,503.0,1.308778089129349e-05
2750,2015,48,20599352.0,2750.0,31.80546,-71.26456,San Jose,OH,Ohio,False,,43409.0,351.2,60676.0,Kings,"{""60676"": 100}",Kings,60676,False,False,America/Denver,30.5,24.1,15.9,9.6,17.4,9.2,18.1,6.7,15.6,13.5,2.4,8.6,0.3,49.7,50.3,49.0,14.0,22.4,4.4,3.49,32.4,38259.0,26.3,26.3,9.9,10.2,29.7,18.8,15.9,25.1,8.6,12.9,8.0,23.7,21492.0,70.9,1848.0,572367.0,1799.0,,12.7,22.1,30.8,23.4,6.1,35.4,7.3,78.7,2.2,,,55.9,7.5,72.9,37.7,11.9,27.9,14.0,12.7,19.2,13.9,15.8,34.2,15.1,6.3,39.4,40795.0,New York-Newark-Jersey City,False,,,18770.0,New York-White Plains-Wayne,2.3301703859422375e-06,Micropolitan high commuting,Rural,3381.0,0.00016413137655980634
1193,2017,34,18811802.0,1193.0,43.08985,-95.1303,San Antonio,CA,California,True,,43070.0,206.5,3262.0,Queens,"{""3262"": 100}",Queens,3262,False,False,America/New_York,37.6,9.0,12.1,5.7,7.1,9.2,19.6,10.0,12.2,4.9,15.3,9.2,5.2,50.2,49.8,40.2,5.1,20.5,2.3,2.22,46.9,46724.0,13.2,6.6,11.9,1.3,8.3,24.5,8.5,24.5,15.9,26.4,17.2,0.9,42207.0,78.1,1856.0,414925.0,500.0,27.8,30.5,35.9,28.5,14.0,28.6,15.4,30.1,78.6,7.8,17.9,,1.2,57.7,66.5,4.2,69.9,21.3,53.6,41.0,14.9,6.8,11.9,31.5,18.5,9.0,,34306.0,Los Angeles-Long Beach-Anaheim,False,242.0,New York-Newark,,New York-White Plains-Wayne,1.8073760291544637e-06,Rural,Urban,2428.0,0.00012906791172903053
6889,2022,41,26018569.0,6889.0,33.548,-89.97401,Columbus,GA,Georgia,False,,10101.0,319.9,77918.0,San Diego,"{""77918"": 100}",San Diego,77918,False,False,America/Los_Angeles,33.5,3.9,7.6,14.6,16.1,12.9,17.4,19.9,17.3,17.4,13.3,11.7,2.1,49.0,51.0,67.3,17.1,20.4,5.7,3.63,33.4,40516.0,20.8,12.9,20.2,8.3,9.2,23.7,13.4,24.0,24.7,25.7,27.5,12.9,36743.0,85.6,2541.0,428821.0,2135.0,27.9,23.4,22.9,10.8,27.6,6.6,31.7,38.1,60.2,6.1,10.7,0.0,31.5,63.5,48.1,9.0,67.9,43.0,67.5,31.1,13.4,7.1,3.3,44.2,8.4,14.8,51.3,14652.0,Dallas-Fort Worth-Arlington,False,359.0,,,,1.5757976543598535e-06,Micropolitan high commuting,Rural,1588.0,6.1033333539596275e-05
8597,2015,43,34931226.0,8597.0,28.50062,-123.62223,Columbus,GA,Georgia,False,,15138.0,77.8,54162.0,Miami-Dade,"{""54162"": 100}",Miami-Dade,54162,False,False,America/Denver,57.0,2.9,19.3,9.7,18.3,14.0,17.4,19.8,9.3,24.0,9.7,10.8,8.5,50.4,49.6,44.6,13.3,28.5,8.1,3.67,52.0,142169.0,24.8,21.3,5.3,15.2,20.3,7.1,24.9,16.3,5.0,17.5,30.0,4.5,46762.0,58.3,3670.0,593671.0,1737.0,31.4,26.7,12.0,18.8,6.4,21.6,24.0,13.0,78.9,9.3,,,58.0,43.1,69.7,11.3,63.5,10.9,63.7,17.4,18.2,23.9,3.0,28.9,19.7,9.8,64.5,17166.0,Dallas-Fort Worth-Arlington,True,,,,,1.2309902893187889e-06,Metropolitan core,Rural,1124.0,3.21775136091702e-05
8929,2013,38,30288010.0,8929.0,29.58058,-80.05391,Jacksonville,NC,North Carolina,False,,21878.0,304.8,13992.0,Harris,"{""13992"": 100}",Harris,13992,False,True,America/New_York,44.8,14.4,18.0,19.7,11.1,17.4,16.5,13.6,19.3,5.0,2.7,17.8,11.0,53.5,46.5,66.8,5.9,37.1,5.6,3.02,61.3,122446.0,22.0,22.9,27.9,0.9,26.2,15.8,19.0,19.3,24.6,10.0,22.0,15.9,77053.0,50.4,4614.0,372647.0,612.0,21.8,5.1,6.5,17.0,27.2,7.4,5.2,37.8,74.7,8.5,18.3,3.5,9.2,32.5,58.1,23.1,55.3,2.9,25.2,29.7,14.5,16.5,14.0,15.2,6.5,13.7,57.3,15776.0,Dallas-Fort Worth-Arlington,False,474.0,,,,1.2546218784264796e-06,Small town core,Urban,541.0,1.786185358496646e-05
8913,2021,16,15392507.0,8913.0,28.12991,-83.10351,Jacksonville,OH,Ohio,True,,11350.0,109.5,69488.0,Cook,"{""69488"": 100}",Cook,69488,False,True,America/Denver,38.8,3.8,9.0,5.3,13.7,17.6,13.2,8.3,5.5,5.4,10.4,16.4,4.7,52.2,47.8,66.0,11.8,35.5,6.4,3.27,56.3,61921.0,21.4,24.7,24.1,16.6,15.6,4.3,23.3,8.1,14.9,8.5,4.0,18.9,66154.0,60.9,1764.0,713369.0,2384.0,,6.6,14.7,29.7,7.2,34.4,5.1,13.6,72.2,4.5,6.5,,29.5,22.4,67.6,25.8,63.3,71.5,35.3,45.9,10.7,24.3,1.8,35.6,12.4,8.9,,36586.0,Los Angeles-Long Beach-Anaheim,,,Los Angeles-Long Beach,,,1.0394668003074482e-06,Micropolitan core,Rural,791.0,5.1388639940199475e-05
8094,2019,47,19173652.0,8094.0,42.32615,-85.68326,Phoenix,GA,Georgia,False,,25427.0,69.2,94636.0,Kings,"{""94636"": 100}",Kings,94636,False,True,America/New_York,51.1,7.5,6.6,16.7,14.7,5.7,10.4,19.4,12.5,10.8,11.4,8.1,9.2,48.7,51.3,41.6,16.5,25.4,8.6,3.7,40.6,50808.0,26.1,21.9,19.4,23.9,22.6,1.1,11.8,27.9,3.8,22.1,29.2,1.6,36923.0,78.5,1961.0,416480.0,855.0,21.7,6.5,28.3,33.8,32.4,24.0,8.5,29.1,57.3,9.3,17.6,3.5,76.0,3.5,59.2,27.1,72.6,22.1,58.3,44.5,5.6,13.0,15.2,28.6,9.0,7.2,,21867.0,,False,,,,,2.4512805385223433e-06,Micropolitan high commuting,Rural,3215.0,0.00016767801981594325
7091,2020,42,20470010.0,7091.0,34.06451,-103.30371,Springfield,OH,Ohio,False,,31116.0,136.5,21448.0,Los Angeles,"{""21448"": 100}",Los Angeles,21448,False,False,America/Chicago,40.0,8.5,16.1,8.3,14.6,13.6,13.5,14.9,13.2,22.0,16.9,13.2,20.7,51.1,48.9,48.7,8.1,18.8,9.2,3.42,76.9,117265.0,14.5,22.4,14.2,1.7,28.7,28.3,23.6,29.7,16.3,28.9,2.3,11.0,58458.0,79.0,3770.0,439384.0,525.0,36.9,16.0,14.7,39.4,23.5,36.7,10.7,27.5,74.3,9.6,10.1,3.6,43.6,5.8,55.5,55.5,74.5,40.3,19.2,7.0,11.2,11.0,15.2,25.6,19.2,14.6,54.8,29029.0,New York-Newark-Jersey City,True,,,,New York-White Plains-Wayne,2.0517820948792893e-06,Small town core,Rural,2913.0,0.0001423057438662707
7353,2019,46,24506142.0,7353.0,25.5975,-115.22076,San Antonio,FL,Florida,True,,2116.0,243.3,1493.0,Miami-Dade,"{""1493"": 100}",Miami-Dade,1493,False,False,America/Chicago,31.5,21.1,19.7,16.9,17.8,8.6,19.4,8.0,19.3,24.9,17.8,19.7,14.2,47.6,52.4,53.1,13.9,16.8,7.0,3.96,39.5,129186.0,22.0,10.7,20.9,11.9,28.6,29.0,11.8,25.6,23.2,9.3,7.0,13.7,51312.0,56.5,4171.0,749969.0,2377.0,37.1,26.1,34.2,32.5,18.2,24.3,33.2,6.6,74.2,3.4,12.7,4.0,21.1,20.4,32.8,71.7,1.0,72.2,13.2,49.6,19.3,14.9,10.3,29.4,14.5,5.9,31.3,,Los Angeles-Long Beach-Anaheim,True,198.0,Boston-Worcester-Providence,13696.0,Los Angeles-Long Beach-Glendale,1.877080447832221e-06,Metropolitan core,Rural,3890.0,0.0001587357161318987
4674,2019,14,28054353.0,4674.0,49.31106,-102.20693,Springfield,IL,Illinois,True,,18076.0,182.5,64812.0,San Diego,"{""64812"": 100}",San Diego,64812,False,False,America/New_York,55.4,22.6,18.2,19.6,5.4,17.6,16.3,8.4,19.3,3.7,17.0,8.4,10.8,52.2,47.8,56.9,11.4,23.2,8.7,2.29,51.5,72998.0,28.4,26.8,12.6,23.4,14.3,14.9,6.1,17.7,5.6,9.9,25.7,6.2,48152.0,64.6,770.0,538242.0,2968.0,29.2,8.3,33.9,6.7,30.4,32.1,17.3,33.9,65.5,5.7,5.7,1.5,74.5,32.0,44.2,43.0,47.6,5.8,29.6,37.5,8.0,9.1,0.2,28.1,18.2,5.5,37.6,29493.0,Dallas-Fort Worth-Arlington,False,598.0,,,,4.990312911511451e-07,Rural,Urban,559.0,1.992560655382072e-05
4240,2014,13,4239254.0,4240.0,39.74078,-72.13359,Jacksonville,NY,New York,True,,14156.0,357.7,31107.0,Dallas,"{""31107"": 100}",Dallas,31107,False,True,America/Los_Angeles,38.1,3.1,10.1,20.0,11.1,8.3,16.4,13.1,7.2,9.5,10.4,16.3,0.5,47.7,52.3,55.5,9.0,30.7,5.9,2.72,77.5,108958.0,21.4,22.8,3.1,15.4,15.3,11.1,28.0,24.8,20.9,21.4,13.9,27.6,20406.0,55.0,1008.0,609565.0,2860.0,25.5,33.2,11.8,17.1,16.7,39.2,35.0,29.5,71.8,6.5,19.2,2.5,31.1,13.9,63.1,59.0,31.4,3.0,67.3,5.5,15.6,24.4,8.8,22.0,15.6,13.2,51.9,48055.0,Los Angeles-Long Beach-Anaheim,True,438.0,,28624.0,,3.0665772798704677e-06,Metropolitan core,Rural,412.0,9.718691071589483e-05
1389,2017,13,37027631.0,1389.0,44.50009,-92.39028,Phoenix,NY,New York,True,,36531.0,117.2,33299.0,Kings,"{""33299"": 100}",Kings,33299,True,True,America/Phoenix,56.0,3.9,9.6,9.4,18.1,15.1,17.0,8.8,14.4,14.3,20.8,18.6,0.3,51.7,48.3,41.6,13.2,22.2,4.5,2.71,61.1,49552.0,12.9,26.3,18.2,7.4,10.7,2.5,10.0,20.3,2.2,6.2,11.4,29.5,66163.0,76.9,4810.0,175277.0,2762.0,,19.6,31.3,8.5,14.7,14.7,20.1,39.3,52.0,6.1,7.7,4.9,10.0,32.9,59.3,56.7,34.4,28.4,32.4,16.9,8.1,14.7,5.4,23.6,14.9,14.7,,42182.0,Houston-The Woodlands-Sugar Land,True,,,38890.0,,3.510891636572699e-07,Micropolitan core,Urban,798.0,2.1551473276807797e-05
2518,2015,20,2785818.0,2518.0,35.25937,-83.94795,Dallas,IL,Illinois,True,,30267.0,50.6,17194.0,Los Angeles,"{""17194"": 100}",Los Angeles,17194,True,True,America/Denver,38.0,0.4,19.5,8.8,15.1,15.6,14.2,9.7,9.1,14.9,21.7,19.2,2.6,46.5,53.5,68.3,16.0,37.1,3.6,3.18,65.1,148808.0,1.5,18.8,11.6,28.1,16.3,28.2,6.6,21.8,18.5,22.2,6.4,19.9,57705.0,50.3,2601.0,702801.0,2279.0,35.0,37.0,20.2,14.1,20.2,30.3,5.3,25.6,68.4,7.1,8.6,,57.4,8.2,16.7,70.3,59.4,2.1,20.6,14.6,9.1,10.0,1.3,,11.9,12.3,54.3,30810.0,Dallas-Fort Worth-Arlington,False,115.0,,,New York-White Plains-Wayne,7.179219891608138e-06,Micropolitan high commuting,Rural,537.0,0.0001927620540896785
2629,2016,10,36284517.0,2629.0,34.08211,-95.88344,San Diego,CA,California,True,,44326.0,274.4,77163.0,Orange,"{""77163"": 100}",Orange,77163,False,True,America/Los_Angeles,48.5,18.6,16.1,12.8,6.0,10.6,18.8,13.8,13.1,6.7,9.2,18.4,16.7,52.9,47.1,53.6,14.5,21.2,7.6,2.86,52.1,68506.0,28.1,1.9,24.7,8.8,13.3,0.7,9.0,15.1,1.7,14.7,27.8,3.2,45398.0,78.5,3481.0,720273.0,620.0,25.2,10.6,10.6,7.5,11.5,28.2,35.9,33.5,70.6,2.9,9.3,,25.5,20.7,41.7,43.3,29.2,28.9,66.5,40.5,9.6,23.3,19.1,,9.9,8.5,,25721.0,Chicago-Naperville-Elgin,False,,New York-Newark,29238.0,,2.755996448843456e-07,Micropolitan high commuting,Urban,947.0,2.6099286370547527e-05
8024,2014,9,28900914.0,8024.0,45.22178,-104.41549,San Antonio,GA,Georgia,True,,36240.0,430.1,33855.0,Kings,"{""33855"": 100}",Kings,33855,False,False,America/New_York,55.1,21.5,16.2,11.6,14.2,7.4,15.1,7.7,15.4,5.7,2.9,7.5,0.0,52.2,47.8,62.0,12.7,19.0,2.7,2.04,38.3,102617.0,26.4,3.6,19.0,17.5,3.6,6.4,9.3,5.0,7.3,8.0,10.1,22.5,74935.0,74.7,636.0,115534.0,518.0,33.6,19.4,31.4,12.1,16.5,24.1,25.1,5.8,78.4,7.6,,2.5,74.7,35.7,78.5,41.5,10.0,61.4,54.6,39.8,19.3,20.5,12.2,40.7,15.1,9.1,65.4,,,False,590.0,Chicago-Naperville,,,3.114088364125785e-07,Micropolitan high commuting,Rural,505.0,1.7473495820928016e-05
4893,2021,9,19926199.0,4893.0,43.31596,-97.56174,Springfield,IL,Illinois,False,,43581.0,422.4,77275.0,Queens,"{""77275"": 100}",Queens,77275,True,True,America/Los_Angeles,33.8,7.1,13.0,12.7,17.3,11.1,12.3,5.2,11.1,16.2,0.4,9.2,5.2,45.4,54.6,54.4,7.7,33.6,8.8,3.09,79.1,66945.0,11.3,24.1,13.0,29.9,16.8,9.6,6.6,10.5,11.2,2.1,11.1,13.9,42387.0,51.8,3166.0,483071.0,1397.0,,28.2,21.9,5.2,33.2,32.0,24.2,7.3,73.0,6.7,16.7,,60.4,64.4,41.9,12.1,54.0,50.0,59.6,12.6,7.9,22.8,15.0,42.2,16.4,11.0,56.2,10489.0,Houston-The Woodlands-Sugar Land,True,584.0,Chicago-Naperville,,,4.51666672605247e-07,Small town core,Rural,846.0,4.245666722489322e-05
4645,2019,12,23210217.0,4645.0,34.87428,-82.94612,Philadelphia,CA,California,True,,17999.0,160.3,65552.0,Queens,"{""65552"": 100}",Queens,65552,False,True,America/Chicago,48.0,21.5,18.0,15.9,16.2,13.4,13.8,7.0,11.7,11.3,24.0,11.5,13.7,50.3,49.7,59.1,16.2,20.6,6.2,3.65,53.2,95133.0,6.6,17.9,7.9,19.9,24.4,23.3,22.8,5.6,2.7,21.0,11.1,13.0,45344.0,68.6,3081.0,251956.0,1107.0,24.9,24.5,6.4,28.3,16.3,36.4,36.1,16.4,77.0,10.0,,4.1,67.7,20.7,46.6,6.3,8.5,79.9,26.8,38.7,17.1,22.2,20.0,22.2,5.6,9.1,35.2,,Chicago-Naperville-Elgin,True,599.0,,20698.0,,5.170136927198914e-07,Metropolitan core,Rural,1036.0,4.463551547148396e-05
5594,2015,11,2193982.0,5594.0,26.50556,-106.58041,San Diego,OH,Ohio,False,,48701.0,12.1,44470.0,Orange,"{""44470"": 100}",Orange,44470,False,True,America/Phoenix,57.5,17.7,9.6,7.0,12.7,5.1,19.1,11.2,11.0,9.8,1.7,14.6,18.3,51.8,48.2,44.2,13.7,29.2,8.9,2.76,48.6,147275.0,15.8,6.3,29.9,29.4,19.5,24.1,21.5,17.8,1.6,13.6,20.2,20.3,27031.0,87.7,2824.0,322123.0,,30.0,29.2,29.4,27.7,14.6,10.5,27.3,26.0,55.4,7.6,,2.3,53.8,67.2,14.4,2.5,62.5,49.2,56.3,42.7,17.0,24.2,10.7,29.7,11.0,6.5,52.9,,Houston-The Woodlands-Sugar Land,,,Los Angeles-Long Beach,29173.0,,5.013714788908934e-06,Metropolitan core,Urban,943.0,0.0004298120950855568
4875,2015,26,27584650.0,4875.0,39.321,-104.05945,San Diego,OH,Ohio,True,,12413.0,352.8,90050.0,Miami-Dade,"{""90050"": 100}",Miami-Dade,90050,True,False,America/New_York,32.5,15.2,18.2,18.2,14.9,8.2,17.9,18.3,7.9,18.4,7.2,17.0,24.9,45.3,54.7,66.9,14.3,39.3,5.7,3.69,33.1,85571.0,10.4,13.1,11.9,20.1,26.8,9.2,16.6,23.7,12.5,5.0,14.2,1.7,22775.0,54.0,3655.0,165149.0,2540.0,39.4,20.4,14.7,32.9,16.4,15.5,13.1,9.5,57.7,4.8,15.1,,5.9,17.6,64.9,12.6,28.1,69.3,13.2,8.7,12.3,11.0,11.3,,17.1,6.4,53.2,11447.0,Dallas-Fort Worth-Arlington,False,,,29583.0,,9.425531953459624e-07,Micropolitan high commuting,Rural,2545.0,9.226145700597977e-05
8522,2021,48,11172219.0,8522.0,36.69586,-120.14593,Jacksonville,OH,Ohio,True,,20702.0,492.2,74194.0,Queens,"{""74194"": 100}",Queens,74194,False,True,America/Los_Angeles,54.7,1.4,11.3,11.9,15.9,13.6,15.0,16.7,17.9,7.8,13.5,17.6,24.7,53.9,46.1,51.1,7.9,27.2,7.9,2.99,54.2,47618.0,19.7,3.5,24.0,3.7,21.0,12.5,15.4,27.1,26.7,24.5,15.3,22.1,34523.0,69.6,2130.0,488227.0,2543.0,31.1,18.0,28.2,9.9,25.0,11.5,14.8,12.7,55.5,8.6,,1.4,74.2,77.6,46.1,12.3,30.6,64.0,30.0,8.9,13.4,21.9,15.9,,7.6,11.7,38.8,39437.0,,False,312.0,Los Angeles-Long Beach,,,4.296371204323868e-06,Micropolitan core,Urban,3289.0,0.0002943909352296084
4558,2015,4,3806284.0,4558.0,40.08695,-89.58339,San Jose,FL,Florida,True,,9112.0,315.5,93877.0,Kings,"{""93877"": 100}",Kings,93877,False,False,America/Phoenix,37.0,6.6,13.3,8.0,9.4,8.6,19.2,19.2,14.1,23.1,19.6,13.8,0.2,52.7,47.3,61.1,14.2,34.0,6.1,3.41,76.8,79649.0,11.9,24.8,5.1,0.9,6.1,10.2,15.3,18.5,27.3,15.3,15.0,1.5,76221.0,72.0,3196.0,396629.0,1890.0,23.2,5.9,20.7,13.3,6.7,30.4,8.9,26.3,58.4,3.4,10.7,4.0,32.0,60.3,10.9,62.0,19.7,54.5,45.7,46.8,10.8,6.3,0.4,39.8,12.9,12.8,39.4,36762.0,Chicago-Naperville-Elgin,False,443.0,,,,1.0508937325748682e-06,Small town core,Urban,344.0,9.037686100143867e-05
8282,2011,40,16214586.0,8282.0,39.78659,-84.9685,Jacksonville,MI,Michigan,False,,2051.0,424.8,77919.0,Miami-Dade,"{""77919"": 100}",Miami-Dade,77919,True,False,America/Phoenix,48.0,12.7,10.3,18.7,10.1,11.8,15.2,13.1,10.2,10.9,19.9,9.2,3.6,48.1,51.9,65.5,6.3,39.8,6.3,3.97,76.9,134817.0,27.9,1.9,2.8,4.9,17.9,4.5,29.0,13.4,15.0,7.4,14.1,19.9,29497.0,75.9,3581.0,370146.0,651.0,36.3,31.5,6.9,5.2,12.4,28.2,19.4,19.1,76.5,9.2,18.6,,25.8,55.6,22.5,16.1,15.6,28.0,35.0,42.4,6.8,19.7,10.6,,9.3,9.9,,10249.0,New York-Newark-Jersey City,True,,Boston-Worcester-Providence,,,2.466914665597999e-06,Small town core,Rural,3325.0,0.0002050622815778337
6043,2018,21,24536599.0,6043.0,27.41458,-92.74495,Phoenix,OH,Ohio,False,,36440.0,27.4,57684.0,Queens,"{""57684"": 100}",Queens,57684,True,False,America/New_York,52.0,16.5,19.0,17.3,13.5,14.9,18.5,11.0,9.9,0.3,20.7,17.0,2.6,50.8,49.2,53.9,6.8,39.5,3.7,2.13,59.7,54000.0,21.0,18.5,25.9,6.7,26.2,23.7,22.4,16.8,7.4,12.7,23.8,1.0,51417.0,67.2,2087.0,745976.0,2111.0,30.5,12.6,39.6,25.1,9.8,29.1,36.4,31.1,52.3,9.2,16.9,,13.5,5.1,45.0,13.3,66.9,29.3,73.1,30.5,7.7,7.8,11.5,37.9,16.7,7.8,38.2,19275.0,,,105.0,Chicago-Naperville,23269.0,,8.558643355584855e-07,Rural,Urban,779.0,3.174849130476477e-05
8984,2016,25,35068385.0,8984.0,25.31648,-96.93982,San Jose,TX,Texas,False,,12795.0,128.6,69155.0,Dallas,"{""69155"": 100}",Dallas,69155,True,True,America/Los_Angeles,49.7,24.3,13.4,15.7,6.0,11.3,6.7,14.2,19.1,16.5,1.9,10.3,13.8,49.0,51.0,65.0,17.2,30.3,5.0,2.51,35.3,67663.0,22.5,15.9,16.1,8.3,6.5,8.6,16.7,0.9,27.2,4.7,6.6,15.5,25313.0,72.3,1257.0,390951.0,1291.0,,38.9,14.2,16.0,34.3,6.8,21.3,18.3,59.5,4.3,6.4,1.6,4.4,62.7,32.5,36.1,71.6,53.0,1.6,47.4,8.6,7.2,15.4,30.0,11.5,7.5,51.9,,Los Angeles-Long Beach-Anaheim,,556.0,,19417.0,New York-White Plains-Wayne,7.128928235503288e-07,Micropolitan high commuting,Rural,1485.0,4.2345833718889535e-05
3671,2017,3,2559657.0,3671.0,24.65948,-67.27707,San Jose,FL,Florida,False,,14699.0,165.6,44857.0,Harris,"{""44857"": 100}",Harris,44857,True,False,America/New_York,51.9,8.6,15.1,17.1,19.2,11.0,16.7,9.0,19.9,0.6,15.1,14.9,17.2,46.2,53.8,68.2,7.7,30.6,3.8,2.61,57.3,107853.0,23.3,3.9,17.0,13.3,23.9,21.7,20.7,10.2,24.1,1.6,4.8,10.1,62761.0,59.4,2120.0,140149.0,1184.0,26.1,14.3,14.8,14.7,6.3,37.4,12.5,19.7,50.3,8.9,,,58.8,75.8,62.7,25.8,20.6,56.1,29.8,30.5,5.1,6.2,10.7,32.0,16.3,6.3,50.5,31054.0,Chicago-Naperville-Elgin,False,587.0,,,,1.1720320339795527e-06,Rural,Rural,41.0,1.6017771131053888e-05
1140,2020,17,14022270.0,1140.0,30.10796,-111.66133,Phoenix,OH,Ohio,False,,26095.0,465.5,53004.0,Maricopa,"{""53004"": 100}",Maricopa,53004,True,False,America/New_York,43.5,8.4,18.1,6.3,8.2,16.3,5.8,12.4,11.6,8.4,9.9,12.9,4.0,50.7,49.3,64.2,16.4,18.8,3.2,2.54,48.1,65733.0,3.8,5.1,24.8,17.5,10.1,24.1,7.4,29.3,10.3,10.1,9.4,3.7,51730.0,66.5,3906.0,688216.0,647.0,33.5,33.9,18.9,10.5,30.8,17.6,28.5,14.5,52.4,9.9,7.3,,79.1,78.2,63.7,53.1,46.6,69.4,23.9,26.0,14.3,13.2,8.5,24.9,13.5,13.5,38.1,10244.0,Chicago-Naperville-Elgin,True,514.0,,13178.0,Los Angeles-Long Beach-Glendale,1.2123572003677008e-06,Metropolitan core,Rural,1281.0,9.135468080417793e-05
3176,2020,21,3471321.0,3176.0,37.59001,-110.03854,Springfield,OH,Ohio,False,,12984.0,445.5,84292.0,Cook,"{""84292"": 100}",Cook,84292,False,True,America/New_York,35.9,16.3,16.7,16.9,14.0,12.7,5.9,9.3,6.4,24.1,3.4,7.3,22.2,54.4,45.6,63.0,5.1,15.0,5.0,2.29,30.9,100409.0,20.8,7.0,18.8,22.4,6.6,1.8,3.9,18.2,25.5,1.3,22.0,10.2,74745.0,73.8,2381.0,145256.0,1021.0,,7.9,14.1,6.0,27.1,19.9,24.2,11.1,58.9,7.3,19.5,,5.0,71.3,46.6,45.5,40.5,6.5,8.1,32.0,10.1,23.3,8.1,,7.1,12.1,,23731.0,Los Angeles-Long Beach-Anaheim,False,,,,,6.0495701780388505e-06,Micropolitan core,Rural,1255.0,0.000361533836830417
5535,2018,32,20267488.0,5535.0,45.43827,-88.74534,Jacksonville,IL,Illinois,True,,15629.0,151.4,58824.0,Los Angeles,"{""58824"": 100}",Los Angeles,58824,True,False,America/Phoenix,52.7,2.0,18.9,9.9,6.9,11.6,5.6,15.3,18.5,20.9,3.2,6.9,20.3,54.2,45.8,53.8,12.5,23.0,9.2,3.29,44.4,97789.0,3.5,0.0,21.4,10.7,7.6,0.4,16.2,25.5,28.7,17.0,15.4,2.6,60542.0,65.2,3278.0,378104.0,2619.0,,8.3,16.0,8.4,11.2,39.6,20.5,23.6,76.2,10.0,13.7,4.1,26.8,25.2,32.8,54.1,54.9,25.9,11.5,33.5,6.9,16.6,13.9,,15.5,12.5,64.9,30469.0,,False,,,,,1.5788833820945152e-06,Small town core,Urban,3052.0,0.00015058600256726438
9362,2022,13,9048056.0,9362.0,31.61353,-98.86101,Dallas,NC,North Carolina,True,,43932.0,399.3,76987.0,Kings,"{""76987"": 100}",Kings,76987,True,False,America/Denver,36.8,13.8,12.9,9.2,9.5,9.2,16.6,14.8,17.5,24.4,11.9,6.0,1.2,48.0,52.0,68.0,12.8,21.8,5.2,3.2,62.6,113163.0,26.9,24.3,17.5,21.9,10.9,19.2,14.0,5.7,21.1,16.7,10.8,27.3,73044.0,62.6,2412.0,453548.0,1100.0,,34.2,15.6,38.8,27.0,37.6,28.7,15.8,61.1,6.4,16.9,,26.1,46.8,28.3,65.4,37.9,7.1,14.1,7.7,12.5,7.1,2.3,43.2,18.1,9.5,69.4,24693.0,Chicago-Naperville-Elgin,,,,,Los Angeles-Long Beach-Glendale,1.4367727167029027e-06,Micropolitan high commuting,Rural,747.0,8.255917072131295e-05
1506,2014,38,10698623.0,1506.0,44.84308,-69.51027,Columbus,FL,Florida,True,,33021.0,72.0,32729.0,Kings,"{""32729"": 100}",Kings,32729,True,False,America/Chicago,34.5,11.9,14.0,13.7,11.0,10.1,6.9,10.9,7.4,18.4,5.2,5.9,13.8,51.0,49.0,66.2,13.7,23.6,8.4,3.08,34.0,133706.0,17.8,4.5,5.2,26.4,16.8,26.1,11.1,18.4,15.7,9.6,14.1,15.1,67645.0,53.2,2655.0,171947.0,,,34.0,32.4,14.7,37.9,9.4,35.6,39.0,55.3,7.8,,0.2,33.0,41.8,46.9,74.9,54.1,39.0,65.0,47.8,5.3,24.7,1.7,39.4,9.2,6.3,47.6,32195.0,Los Angeles-Long Beach-Anaheim,True,586.0,,,,3.551858963532036e-06,Rural,Rural,551.0,5.150195497121452e-05
9465,2012,7,27656465.0,9465.0,34.08038,-112.23637,San Antonio,PA,Pennsylvania,True,,33698.0,102.5,82419.0,Kings,"{""82419"": 100}",Kings,82419,False,False,America/New_York,54.8,14.7,10.3,17.0,13.3,17.4,14.5,16.8,14.0,10.4,23.9,13.1,15.1,47.2,52.8,58.8,13.6,19.6,2.5,3.21,68.2,136975.0,25.1,16.3,11.2,18.8,0.4,4.3,22.3,7.3,17.9,11.6,25.6,28.6,39522.0,65.3,4586.0,405273.0,839.0,,21.6,5.3,5.9,24.4,23.2,39.8,12.1,57.7,2.9,18.8,3.9,66.0,72.3,42.5,36.6,27.1,47.5,36.9,25.3,19.1,24.7,15.9,37.7,15.2,6.7,32.4,,Chicago-Naperville-Elgin,False,,,,Los Angeles-Long Beach-Glendale,2.531053769887077e-07,Metropolitan high commuting,Rural,203.0,7.340055932672523e-06
6649,2022,43,34744717.0,6649.0,31.64751,-85.329,Phoenix,CA,California,True,,39328.0,32.4,2080.0,Orange,"{""2080"": 100}",Orange,2080,False,True,America/New_York,42.3,12.2,11.2,5.4,10.0,7.7,6.5,19.4,14.0,18.2,7.9,10.9,5.9,46.0,54.0,45.4,17.0,31.9,6.4,2.95,76.1,79646.0,13.1,18.8,19.4,25.3,9.7,20.6,28.8,21.9,14.7,18.9,22.2,18.4,76759.0,82.0,2373.0,776278.0,,25.5,30.6,18.0,23.3,7.4,11.3,38.5,36.2,69.6,5.7,15.1,,49.9,45.9,5.7,51.0,61.7,79.5,1.9,37.9,13.6,13.7,2.6,,11.1,8.5,42.1,41658.0,Houston-The Woodlands-Sugar Land,,,,,,1.2375982224866013e-06,Metropolitan core,Urban,1348.0,3.8797265207254386e-05
2375,2022,43,27218129.0,2375.0,38.88984,-115.47399,Dallas,PA,Pennsylvania,False,,32334.0,279.0,22293.0,San Diego,"{""22293"": 100}",San Diego,22293,True,True,America/New_York,36.7,1.7,17.4,8.8,12.1,5.6,15.5,10.0,16.2,10.3,4.9,12.7,3.3,49.4,50.6,49.5,18.7,16.5,7.6,2.37,46.0,104024.0,14.9,8.6,22.0,0.7,17.5,28.2,5.2,14.1,2.7,18.8,16.5,12.2,70210.0,85.9,4748.0,544844.0,1007.0,22.4,25.6,16.1,26.9,33.3,26.4,15.4,14.0,59.8,3.3,7.7,4.0,31.4,35.4,47.9,47.6,6.3,66.7,15.0,37.5,16.6,19.3,11.6,15.4,10.4,11.0,,10515.0,Chicago-Naperville-Elgin,False,,,,,1.579829385039655e-06,Micropolitan high commuting,Rural,620.0,2.277893531917642e-05
2191,2018,45,8648392.0,2191.0,31.83837,-109.30614,Jacksonville,PA,Pennsylvania,False,,9334.0,81.1,8988.0,Miami-Dade,"{""8988"": 100}",Miami-Dade,8988,False,False,America/Chicago,51.2,16.6,17.1,18.3,17.2,5.3,16.0,8.1,7.0,16.0,8.0,5.9,3.4,45.0,55.0,67.1,5.4,20.2,5.3,2.71,75.6,54648.0,22.8,9.4,12.3,6.3,29.3,19.4,28.0,9.1,23.5,23.0,20.7,29.0,22795.0,52.2,3584.0,569862.0,1231.0,24.1,22.7,15.9,20.0,27.6,31.1,13.1,19.2,58.1,3.6,16.8,4.5,30.2,60.4,71.9,67.8,15.4,76.5,30.8,20.3,5.9,14.7,2.2,22.5,9.8,13.1,,11577.0,,True,,Boston-Worcester-Providence,38350.0,,5.203279407316412e-06,Metropolitan high commuting,Urban,2670.0,0.0003087279115007738
2030,2020,10,35675235.0,2030.0,28.16738,-84.27095,Jacksonville,IL,Illinois,False,,7358.0,427.4,20582.0,Kings,"{""20582"": 100}",Kings,20582,False,False,America/Phoenix,39.9,12.5,14.7,12.7,6.8,9.7,17.0,17.9,7.1,23.8,8.2,14.9,18.8,53.1,46.9,68.4,9.7,36.5,3.1,3.41,67.1,113255.0,19.4,18.7,19.2,9.2,25.8,28.8,6.5,2.6,5.8,24.6,20.3,19.1,79966.0,78.8,882.0,741232.0,,29.2,34.0,34.0,29.8,8.7,34.4,28.5,29.4,60.9,9.0,15.9,,9.9,33.2,71.0,4.7,77.0,54.7,50.9,17.2,8.7,23.8,6.0,38.3,10.9,6.4,30.4,39424.0,Houston-The Woodlands-Sugar Land,,368.0,,46942.0,,2.8030649272527565e-07,Metropolitan core,Urban,335.0,9.390267506296734e-06
8265,2011,7,22108188.0,8265.0,25.3317,-117.8086,Phoenix,FL,Florida,True,,22029.0,36.2,15646.0,Maricopa,"{""15646"": 100}",Maricopa,15646,False,False,America/New_York,44.2,11.3,18.0,13.0,12.0,11.2,17.3,18.4,17.8,16.8,3.4,9.2,1.2,54.3,45.7,59.8,16.2,22.8,8.8,2.52,30.1,77922.0,1.6,6.1,12.6,6.6,0.0,27.5,25.3,22.3,5.0,3.6,2.0,21.7,43488.0,59.3,1012.0,100215.0,2672.0,27.0,18.1,26.7,30.2,8.9,6.2,39.8,13.1,51.6,3.5,5.6,,32.0,64.4,28.0,36.1,54.4,41.2,69.1,44.0,5.1,20.6,9.2,44.7,12.2,14.9,60.2,47333.0,,True,,Chicago-Naperville,26576.0,,3.166247726860293e-07,Metropolitan core,Urban,137.0,6.19679912256943e-06
7637,2010,50,16534442.0,7637.0,31.17688,-93.45501,Springfield,MI,Michigan,False,,39650.0,166.3,8466.0,Queens,"{""8466"": 100}",Queens,8466,False,True,America/Los_Angeles,37.0,20.5,10.1,17.4,5.0,9.6,8.6,8.5,6.0,4.7,13.9,9.4,10.4,48.8,51.2,66.3,18.6,27.3,4.6,2.21,77.7,97695.0,21.3,29.8,9.4,20.2,25.3,27.5,21.5,8.5,9.8,0.6,22.8,1.3,76148.0,71.8,2456.0,106464.0,678.0,29.5,30.8,9.9,20.4,21.9,12.4,9.0,34.3,65.1,2.1,17.0,,78.5,48.9,40.8,70.4,76.2,60.6,36.2,31.6,15.5,8.9,8.9,39.9,14.8,9.1,56.5,20740.0,New York-Newark-Jersey City,,,,,,3.0239907702963306e-06,Micropolitan high commuting,Rural,3629.0,0.00021948125010810767
9081,2015,45,37771094.0,9081.0,48.27047,-112.61604,Philadelphia,OH,Ohio,True,,37686.0,477.0,7938.0,Miami-Dade,"{""7938"": 100}",Miami-Dade,7938,True,False,America/Chicago,52.0,17.5,17.8,6.7,15.6,12.6,17.4,12.6,14.3,11.9,12.0,16.5,15.7,51.3,48.7,53.5,13.0,33.6,8.6,3.39,76.2,79768.0,10.0,9.4,19.1,10.7,4.5,17.9,24.4,11.5,4.0,5.9,7.1,9.0,34271.0,87.3,1219.0,250056.0,2579.0,27.3,33.8,12.1,21.4,33.0,11.3,8.8,35.9,60.3,7.5,,,3.0,55.5,26.0,5.4,49.2,20.0,31.6,8.6,7.2,11.0,1.8,42.3,5.1,9.8,34.9,13720.0,Los Angeles-Long Beach-Anaheim,False,,,29267.0,,1.1913872550262908e-06,Small town core,Rural,3858.0,0.000102141600664254
5212,2011,48,15771293.0,5212.0,29.64486,-81.2476,Springfield,TX,Texas,False,,3708.0,224.7,83845.0,Maricopa,"{""83845"": 100}",Maricopa,83845,True,False,America/New_York,46.6,13.4,7.9,7.5,18.7,9.9,10.6,16.4,10.1,23.8,18.4,14.0,22.0,45.5,54.5,47.7,12.0,20.7,8.0,3.84,51.2,30153.0,7.9,18.7,24.9,5.7,27.5,16.6,9.0,12.9,9.4,21.8,23.9,25.0,40167.0,81.8,4201.0,568013.0,,34.8,33.2,34.6,18.8,6.8,19.1,28.6,20.8,72.5,4.9,14.5,0.9,60.2,44.1,17.1,24.1,60.1,39.1,18.1,48.5,15.7,24.1,8.5,29.3,18.5,10.3,58.3,36327.0,Chicago-Naperville-Elgin,False,,,,,3.043504422877693e-06,Metropolitan high commuting,Rural,3421.0,0.0002169130964721789
8067,2013,40,35424385.0,8067.0,25.05215,-103.88029,Jacksonville,OH,Ohio,False,,48894.0,196.9,7448.0,San Diego,"{""7448"": 100}",San Diego,7448,True,True,America/New_York,46.5,3.8,15.9,14.0,16.0,16.5,19.6,13.6,10.1,16.2,1.7,18.5,3.0,48.3,51.7,64.5,14.0,24.8,5.8,3.71,47.0,119242.0,25.5,2.5,10.7,20.4,8.2,24.8,22.2,23.7,3.6,4.2,8.6,15.5,21172.0,83.5,2141.0,501954.0,1130.0,39.1,30.2,37.6,23.5,14.1,6.8,30.4,9.2,59.1,6.3,13.5,3.0,14.1,31.0,49.8,77.6,58.5,73.9,61.2,31.6,7.9,18.3,12.5,33.1,12.3,10.3,,11674.0,New York-Newark-Jersey City,,223.0,Boston-Worcester-Providence,,New York-White Plains-Wayne,1.1291656862920838e-06,Small town core,Rural,3780.0,0.00010670615735460193
1739,2019,21,36645651.0,1739.0,30.93697,-79.30925,Columbus,OH,Ohio,False,,42833.0,220.9,55798.0,Miami-Dade,"{""55798"": 100}",Miami-Dade,55798,False,False,America/Los_Angeles,55.7,18.7,17.1,7.1,6.0,18.4,10.8,9.3,15.9,20.9,21.6,9.7,21.3,45.4,54.6,41.5,14.4,16.6,4.6,3.35,46.9,46453.0,18.4,7.1,14.5,12.9,2.2,3.2,25.1,7.2,5.8,15.1,23.1,1.9,64825.0,68.7,3338.0,461185.0,2604.0,21.1,34.2,9.1,6.6,20.3,34.5,14.2,19.8,51.2,5.6,13.7,2.9,27.3,25.9,9.4,30.0,8.9,61.6,77.3,48.7,18.0,17.0,14.0,23.6,14.5,9.6,49.3,32223.0,New York-Newark-Jersey City,False,420.0,Los Angeles-Long Beach,31271.0,,5.730557222192614e-07,Micropolitan core,Rural,755.0,2.0602717632168686e-05
2927,2011,48,5243460.0,2927.0,28.61498,-121.23109,Columbus,NY,New York,True,,26938.0,174.9,69200.0,Cook,"{""69200"": 100}",Cook,69200,True,True,America/Los_Angeles,46.8,12.9,6.5,5.2,19.5,10.7,14.0,6.2,15.2,23.3,14.4,6.9,14.5,52.7,47.3,52.2,18.2,31.2,9.2,3.25,36.6,30654.0,6.1,27.3,22.8,20.3,9.0,5.5,22.7,14.2,6.8,18.5,1.2,9.8,43023.0,60.1,1508.0,251770.0,2010.0,,12.3,9.6,12.1,31.9,19.9,24.8,5.7,51.0,5.6,17.2,,70.9,7.8,43.5,73.1,31.6,66.5,11.6,47.1,16.3,23.8,13.5,25.9,19.1,7.8,43.3,21831.0,New York-Newark-Jersey City,True,204.0,Boston-Worcester-Providence,,,9.15426073623142e-06,Micropolitan core,Rural,1703.0,0.00032478554237087723
4172,2012,10,6158570.0,4172.0,44.44995,-81.42578,Dallas,PA,Pennsylvania,False,,9412.0,196.7,87323.0,San Diego,"{""87323"": 100}",San Diego,87323,False,True,America/Chicago,36.1,23.9,18.8,5.7,10.1,11.1,8.6,14.4,14.6,21.3,18.5,13.1,16.3,47.7,52.3,57.8,12.3,18.3,3.9,2.58,76.2,70563.0,9.0,14.2,5.0,10.6,12.0,1.7,17.5,26.5,4.6,17.9,19.9,12.6,28624.0,61.3,1335.0,380790.0,1397.0,38.7,9.6,32.9,22.8,31.3,15.9,23.0,35.0,64.0,4.9,13.0,3.6,36.0,75.2,24.3,38.6,60.8,55.4,69.2,49.9,11.4,7.2,0.6,36.8,18.1,7.2,36.3,49828.0,Dallas-Fort Worth-Arlington,False,,Boston-Worcester-Providence,25504.0,,1.6237535661687698e-06,Small town core,Urban,136.0,2.2083048499895267e-05
5428,2012,30,25436780.0,5428.0,29.31691,-117.3848,Phoenix,CA,California,False,,34635.0,359.1,34133.0,Cook,"{""34133"": 100}",Cook,34133,False,False,America/Denver,36.0,0.2,6.1,10.6,17.3,5.1,11.9,9.9,5.8,11.3,6.4,10.3,17.6,50.2,49.8,43.7,19.4,30.9,8.1,2.16,32.4,65897.0,4.0,14.0,18.2,12.9,0.8,23.5,0.3,22.9,26.8,13.0,16.1,14.3,31529.0,70.4,2348.0,678432.0,1594.0,26.7,26.5,37.4,38.7,22.8,20.8,14.8,38.6,54.3,6.6,9.2,,23.0,33.0,79.9,5.3,46.7,7.5,13.2,24.8,12.7,10.2,6.3,17.6,9.5,14.7,,,Los Angeles-Long Beach-Anaheim,True,570.0,,,New York-White Plains-Wayne,1.1793945617330496e-06,Micropolitan high commuting,Urban,1521.0,5.979530427986561e-05
6490,2014,13,15783984.0,6490.0,47.23988,-124.63515,Springfield,NC,North Carolina,True,,11514.0,474.4,74607.0,Kings,"{""74607"": 100}",Kings,74607,False,True,America/Denver,47.1,15.3,19.1,16.8,5.4,13.0,15.3,16.2,8.2,21.7,23.9,8.6,22.1,46.0,54.0,41.7,6.9,16.4,8.8,2.12,43.6,146375.0,20.8,15.5,29.7,18.3,11.1,23.2,5.1,11.5,10.4,13.0,23.5,14.5,54812.0,70.6,3342.0,222066.0,1888.0,36.2,13.3,12.9,22.7,14.1,5.3,27.7,22.9,63.4,9.7,13.6,,69.2,12.0,46.0,69.6,47.1,57.7,30.4,9.2,11.9,12.9,17.3,22.3,19.5,14.6,39.9,19219.0,Los Angeles-Long Beach-Anaheim,True,266.0,,46307.0,New York-White Plains-Wayne,8.236196894269533e-07,Micropolitan high commuting,Rural,1089.0,6.899398782968862e-05
4483,2021,2,5934349.0,4483.0,41.69423,-108.865,Springfield,CA,California,False,,34171.0,119.0,37932.0,Cook,"{""37932"": 100}",Cook,37932,False,False,America/Los_Angeles,54.7,3.5,16.2,5.7,19.2,15.7,5.1,16.5,12.7,19.5,13.1,14.6,19.7,49.1,50.9,40.1,17.7,24.5,6.0,2.02,54.6,58716.0,22.2,6.3,25.2,0.9,25.3,13.8,6.5,4.0,28.6,2.2,6.0,10.4,66598.0,60.2,4405.0,766627.0,2052.0,25.4,31.6,30.3,5.3,22.8,9.9,35.3,35.5,62.6,5.6,9.5,3.6,29.3,22.2,35.1,8.2,60.0,2.0,51.9,13.2,8.5,17.7,19.9,38.3,8.4,6.8,64.6,,,,,,,Los Angeles-Long Beach-Glendale,3.3702096051310765e-07,Metropolitan high commuting,Urban,41.0,6.908929690518708e-06
3486,2012,35,16429051.0,3486.0,35.65816,-82.10591,Columbus,MI,Michigan,False,,15419.0,426.6,11025.0,Miami-Dade,"{""11025"": 100}",Miami-Dade,11025,False,True,America/Los_Angeles,33.1,14.2,13.0,11.9,11.0,11.5,13.5,5.0,8.9,13.0,18.1,7.6,13.7,52.1,47.9,53.3,5.4,26.2,4.4,3.86,36.2,73539.0,9.7,7.7,13.9,4.0,27.8,26.0,21.2,3.2,23.3,24.2,23.0,3.4,29979.0,51.6,2107.0,648912.0,1575.0,,14.3,33.2,13.8,33.8,8.0,35.3,22.5,58.9,4.1,,,35.1,79.9,18.4,9.2,47.2,39.6,42.4,35.0,9.0,23.2,8.7,18.9,16.1,11.4,,46701.0,Chicago-Naperville-Elgin,True,,,,,2.1303725942539226e-06,Rural,Rural,2890.0,0.00017590790849696675
1922,2019,7,38742126.0,1922.0,31.0012,-102.28157,Columbus,OH,Ohio,False,,21950.0,411.5,37405.0,San Diego,"{""37405"": 100}",San Diego,37405,False,True,America/Chicago,55.0,17.8,6.7,16.0,9.1,14.6,10.1,20.0,9.0,7.0,23.3,5.4,17.4,52.3,47.7,65.1,19.6,39.4,2.5,3.64,62.3,44016.0,15.4,16.2,7.7,23.0,22.6,17.7,6.4,2.9,1.9,17.8,24.8,25.7,21211.0,81.4,3685.0,656107.0,1001.0,38.6,16.8,37.0,39.3,28.2,33.6,31.2,29.5,59.2,2.5,10.1,3.3,9.1,1.9,12.0,57.5,77.9,78.7,40.0,44.1,16.1,15.0,11.5,19.1,19.1,8.5,47.8,25167.0,Los Angeles-Long Beach-Anaheim,True,585.0,Chicago-Naperville,,,1.806818758474948e-07,Metropolitan core,Urban,602.0,1.553864132288455e-05
9391,2012,21,9483063.0,9391.0,25.71916,-75.22,San Jose,NC,North Carolina,True,,44038.0,317.8,50757.0,Miami-Dade,"{""50757"": 100}",Miami-Dade,50757,False,True,America/Chicago,46.4,2.3,16.3,13.7,7.8,7.8,7.8,5.9,13.8,21.0,0.4,5.7,14.3,53.2,46.8,49.8,10.2,29.9,4.2,2.05,66.8,68826.0,25.2,21.5,20.6,26.8,20.7,8.5,20.8,9.2,22.8,18.6,2.3,15.4,57528.0,54.2,566.0,715036.0,813.0,32.4,32.4,29.6,34.2,7.0,31.2,34.8,15.0,69.2,4.5,19.4,,3.6,46.8,14.2,57.3,14.9,19.6,40.1,46.2,8.2,7.9,15.2,,12.5,14.1,,44831.0,Houston-The Woodlands-Sugar Land,False,158.0,,44768.0,New York-White Plains-Wayne,2.214474373944368e-06,Metropolitan core,Rural,452.0,4.766392462013592e-05
2294,2018,34,20622592.0,2294.0,43.37069,-106.74171,Philadelphia,TX,Texas,True,,18706.0,464.4,64885.0,Cook,"{""64885"": 100}",Cook,64885,False,True,America/Denver,59.5,7.3,9.4,10.3,13.5,8.8,18.7,9.0,18.4,2.6,16.4,18.6,4.2,54.7,45.3,53.6,19.2,31.9,4.4,2.38,45.2,114003.0,4.3,3.1,12.7,23.9,4.2,3.9,19.3,5.9,2.9,5.0,27.7,24.6,70639.0,76.2,2057.0,724705.0,1544.0,24.4,6.9,5.6,8.6,11.0,20.1,22.9,9.9,62.7,4.7,7.8,0.0,37.9,55.2,18.9,11.4,71.1,22.7,18.7,43.6,17.3,14.0,9.8,21.5,6.2,10.7,33.9,13145.0,Dallas-Fort Worth-Arlington,True,270.0,,,,1.6486773340615962e-06,Metropolitan high commuting,Urban,2212.0,0.00010726100773365443
9553,2018,49,13186528.0,9553.0,36.35191,-73.33458,Houston,CA,California,True,,33317.0,456.5,69046.0,Kings,"{""69046"": 100}",Kings,69046,False,False,America/Chicago,40.5,7.9,16.9,15.2,9.5,11.9,6.4,18.5,19.0,24.5,21.7,7.6,1.2,50.8,49.2,67.4,7.7,15.2,8.4,2.15,50.7,132240.0,29.0,27.5,15.1,23.9,4.1,29.3,28.9,4.9,9.0,3.0,8.2,24.5,39128.0,60.4,4981.0,292941.0,1079.0,28.3,10.8,39.5,33.7,14.9,7.5,7.0,9.2,67.4,9.4,,2.5,67.6,36.2,57.0,58.8,14.7,29.5,51.3,8.2,10.4,15.7,19.9,29.2,17.2,9.3,,27194.0,New York-Newark-Jersey City,True,,,,New York-White Plains-Wayne,3.7159136961602023e-06,Micropolitan core,Urban,2725.0,0.00020665030249054187
7841,2010,42,5762315.0,7841.0,34.77356,-89.34604,San Antonio,GA,Georgia,True,,40897.0,81.4,3148.0,Los Angeles,"{""3148"": 100}",Los Angeles,3148,True,False,America/Chicago,32.8,0.4,18.1,8.5,8.2,16.0,9.8,12.6,7.4,24.0,21.3,18.0,10.2,52.6,47.4,44.3,5.1,15.5,6.7,2.91,55.9,102361.0,22.5,22.4,4.4,26.3,8.1,29.5,11.5,5.3,10.6,13.2,2.1,17.3,48804.0,60.3,3983.0,438592.0,2142.0,29.0,22.1,12.1,26.9,17.6,39.8,21.8,22.0,67.0,9.3,17.0,2.3,57.8,47.3,39.9,16.2,37.7,20.4,73.3,20.1,19.3,15.7,12.6,31.3,6.9,8.8,34.0,32760.0,,True,,,,,7.288737252302243e-06,Micropolitan high commuting,Urban,1837.0,0.00031879548410664813
2524,2016,9,36717198.0,2524.0,36.20751,-74.66544,San Antonio,NC,North Carolina,False,,9417.0,356.7,38922.0,Dallas,"{""38922"": 100}",Dallas,38922,False,False,America/Los_Angeles,33.8,9.6,5.4,17.8,10.4,14.5,15.7,11.4,9.6,24.1,24.1,9.3,12.0,54.7,45.3,40.1,11.2,17.5,6.1,2.05,50.3,143687.0,11.7,22.0,20.5,6.4,7.2,8.4,12.3,7.0,0.6,26.4,29.0,10.2,45345.0,60.8,2713.0,101906.0,2064.0,23.2,32.7,26.6,6.6,26.8,15.8,17.9,31.9,74.3,5.2,,4.7,33.1,62.0,39.2,71.9,72.7,7.9,75.0,42.1,16.9,9.0,16.1,40.5,9.3,14.5,,39680.0,,True,549.0,Los Angeles-Long Beach,,,2.4511674338548385e-07,Small town core,Urban,817.0,2.2251153260660033e-05
4998,2010,39,20435101.0,4998.0,34.49145,-67.01125,San Diego,PA,Pennsylvania,True,,9123.0,27.1,30826.0,Maricopa,"{""30826"": 100}",Maricopa,30826,True,False,America/Los_Angeles,51.0,0.4,5.7,14.0,10.1,19.3,18.5,15.7,17.3,16.7,3.1,16.5,5.3,48.2,51.8,64.6,13.0,36.5,3.7,3.22,34.2,137810.0,15.6,2.2,18.8,7.6,24.1,24.5,29.4,15.1,13.6,22.6,4.0,16.4,77851.0,82.6,831.0,188780.0,1050.0,39.3,37.1,31.8,7.8,20.7,8.6,5.6,26.6,78.8,9.2,15.5,,8.6,22.7,26.3,61.3,64.4,31.4,34.0,7.0,9.3,14.0,2.3,28.6,17.8,10.8,33.2,34340.0,Chicago-Naperville-Elgin,True,,,34976.0,Los Angeles-Long Beach-Glendale,1.908480902541172e-06,Micropolitan core,Urban,3740.0,0.00018301842501292263
3233,2022,20,27933405.0,3233.0,45.70508,-95.91402,San Antonio,NY,New York,False,,40500.0,403.7,81318.0,Orange,"{""81318"": 100}",Orange,81318,False,False,America/Denver,55.4,20.8,11.1,10.0,12.4,13.6,8.6,16.9,12.3,8.4,2.7,8.6,23.7,48.1,51.9,45.1,11.9,22.7,2.3,2.65,57.2,96983.0,2.5,9.0,20.2,9.9,8.3,5.5,14.9,8.3,21.9,2.3,19.9,7.1,46579.0,81.0,1624.0,723813.0,2773.0,31.7,21.2,33.6,28.9,11.4,33.7,20.0,11.6,58.5,4.1,12.8,,19.5,10.8,10.8,47.1,59.0,26.4,3.7,10.7,18.7,14.9,9.1,16.1,15.9,10.3,38.1,26138.0,Chicago-Naperville-Elgin,True,386.0,,,,7.159886164969863e-07,Metropolitan high commuting,Rural,632.0,2.262524028130477e-05
6085,2016,19,15709150.0,6085.0,41.17414,-113.15794,Phoenix,FL,Florida,True,,19033.0,101.5,4436.0,Orange,"{""4436"": 100}",Orange,4436,True,False,America/Phoenix,30.5,2.6,11.2,19.0,14.6,17.0,12.0,10.4,6.6,21.9,19.6,7.5,12.8,49.9,50.1,58.8,19.2,29.5,6.3,2.1,33.1,71034.0,1.0,22.3,21.7,4.1,25.1,4.6,9.0,7.5,11.2,7.6,14.7,12.2,73618.0,72.7,742.0,283024.0,1011.0,27.4,10.6,36.0,5.4,35.9,25.0,16.6,30.3,65.2,6.0,,0.6,31.8,20.0,2.2,29.4,8.1,21.3,8.3,9.5,8.0,25.0,0.0,34.2,7.1,14.2,33.7,11386.0,,True,,Los Angeles-Long Beach,20619.0,,1.209486191168841e-06,Micropolitan high commuting,Urban,900.0,5.7291451160629313e-05
8637,2019,35,8104627.0,8637.0,48.19641,-109.74512,Dallas,CA,California,True,,37561.0,161.2,21188.0,Los Angeles,"{""21188"": 100}",Los Angeles,21188,True,False,America/Chicago,31.5,12.4,6.8,11.0,10.3,16.6,17.0,7.3,10.5,9.3,3.8,17.0,17.7,46.9,53.1,51.0,6.6,30.7,3.0,3.97,69.0,74143.0,15.1,14.8,0.1,15.0,11.5,29.2,4.8,10.6,12.6,11.7,20.0,6.5,29505.0,71.8,2605.0,299176.0,1827.0,28.3,10.9,11.6,5.4,8.2,24.5,36.2,15.1,59.8,2.9,10.8,,3.9,73.5,54.2,79.3,70.7,38.4,42.1,13.6,11.9,23.1,1.0,40.9,10.1,14.0,67.6,26608.0,Houston-The Woodlands-Sugar Land,False,,Boston-Worcester-Providence,,,4.318520765977262e-06,Small town core,Rural,2087.0,0.0002575072239598442
1737,2021,8,25336228.0,1737.0,40.04842,-89.19922,Springfield,NC,North Carolina,False,,22630.0,414.3,13179.0,Harris,"{""13179"": 100}",Harris,13179,True,True,America/Phoenix,45.3,1.6,10.8,11.7,7.1,6.5,13.0,6.3,9.5,18.6,24.1,15.8,24.8,52.0,48.0,48.8,15.1,32.6,5.0,2.04,65.2,38998.0,14.6,23.3,11.5,13.3,11.3,11.0,15.8,24.3,10.9,15.7,20.1,8.1,68136.0,63.7,4560.0,264244.0,,,16.0,8.0,29.0,29.8,17.6,7.7,19.9,63.3,7.3,9.7,3.4,69.8,19.8,78.3,31.5,22.1,34.3,8.5,10.7,11.2,20.2,18.0,34.9,6.6,11.7,55.4,45670.0,Houston-The Woodlands-Sugar Land,True,,New York-Newark,,New York-White Plains-Wayne,3.1575339470421566e-07,Metropolitan core,Rural,787.0,3.1062240204027216e-05
4718,2015,29,11774240.0,4718.0,31.20626,-66.03916,San Antonio,OH,Ohio,False,,47182.0,261.5,97896.0,Los Angeles,"{""97896"": 100}",Los Angeles,97896,True,True,America/Los_Angeles,34.5,19.4,11.7,11.7,19.3,18.8,9.7,8.1,17.7,22.7,13.5,14.4,6.4,53.0,47.0,59.0,12.6,16.5,9.3,3.23,39.6,37903.0,27.4,6.3,1.2,22.2,24.8,29.0,26.7,18.0,15.9,0.8,7.4,13.8,61381.0,70.3,4657.0,148113.0,1097.0,21.8,19.5,31.3,29.3,39.7,14.7,22.4,16.5,63.2,8.9,15.3,4.4,17.1,70.0,5.7,71.2,27.0,25.9,41.5,47.3,5.7,12.0,17.1,26.9,8.0,9.2,45.4,37750.0,Houston-The Woodlands-Sugar Land,True,501.0,Chicago-Naperville,27358.0,,2.4630039815733328e-06,Metropolitan core,Urban,513.0,4.356969112231448e-05
5613,2019,44,36307745.0,5613.0,31.05686,-99.27184,Philadelphia,CA,California,True,,42169.0,196.7,54081.0,Orange,"{""54081"": 100}",Orange,54081,True,False,America/Chicago,38.0,14.8,15.8,19.1,18.2,12.7,16.6,13.4,13.3,2.9,3.2,12.9,6.7,45.2,54.8,61.7,5.5,29.9,6.3,3.94,54.2,42062.0,8.6,18.1,1.5,2.8,1.0,15.0,18.0,1.9,21.6,6.9,20.6,29.5,40607.0,77.4,4356.0,798412.0,2766.0,21.4,37.7,31.8,28.0,33.8,27.7,38.9,30.0,77.7,6.1,6.8,2.6,11.0,47.8,39.1,50.2,1.8,16.4,39.8,47.8,10.8,13.5,14.3,33.1,9.5,9.1,38.7,21939.0,New York-Newark-Jersey City,False,,,37412.0,,1.211862648038318e-06,Metropolitan high commuting,Rural,732.0,2.0160987690092016e-05
9728,2016,42,9325344.0,9728.0,49.08468,-75.37467,Philadelphia,CA,California,False,,4400.0,47.0,38311.0,Kings,"{""38311"": 100}",Kings,38311,False,True,America/Denver,38.6,14.0,9.2,10.2,18.8,8.1,18.1,5.5,6.4,21.4,15.8,16.2,5.2,50.4,49.6,62.1,14.4,26.8,9.7,3.35,75.4,45764.0,0.7,25.1,11.0,25.2,16.6,27.0,27.8,0.3,2.3,7.5,20.1,26.6,69510.0,78.6,2871.0,200025.0,1849.0,36.1,38.9,14.4,22.3,8.0,24.6,22.6,10.1,63.3,4.7,,2.6,47.3,1.7,61.1,57.3,29.9,5.2,60.6,48.0,8.6,11.5,3.7,32.3,7.3,8.6,57.9,23796.0,New York-Newark-Jersey City,,,Los Angeles-Long Beach,46854.0,,4.503855300136917e-06,Metropolitan core,Urban,3068.0,0.00032899590621000147
1665,2016,39,26188819.0,1665.0,35.80883,-115.00408,Springfield,IL,Illinois,False,,48952.0,43.6,71800.0,San Diego,"{""71800"": 100}",San Diego,71800,True,True,America/New_York,54.8,1.5,10.6,18.9,12.5,14.9,18.7,18.1,12.5,10.9,8.5,15.8,7.2,47.5,52.5,50.7,7.7,32.4,6.9,2.97,49.5,51182.0,3.5,7.6,27.6,17.4,16.0,17.9,11.0,24.2,15.7,3.5,3.9,16.1,24311.0,81.3,3434.0,771766.0,,21.7,26.2,7.0,28.5,23.6,28.2,25.7,19.8,56.0,4.4,12.9,,52.5,62.6,61.6,77.8,23.6,6.6,28.3,38.4,11.6,21.4,11.0,,18.9,14.5,32.8,,Chicago-Naperville-Elgin,True,,,,New York-White Plains-Wayne,1.4891851366035253e-06,Metropolitan high commuting,Urban,1102.0,4.207902616761756e-05
6406,2016,41,4550985.0,6406.0,35.7451,-80.37499,San Antonio,FL,Florida,True,,27370.0,303.0,12587.0,San Diego,"{""12587"": 100}",San Diego,12587,False,True,America/New_York,32.7,12.4,8.9,15.9,7.8,18.4,11.5,8.0,11.6,10.2,10.7,13.8,13.0,46.5,53.5,42.0,15.9,29.0,4.9,3.62,49.4,54124.0,26.8,22.7,10.0,22.3,4.6,3.9,10.4,24.2,7.4,1.9,4.0,25.8,60727.0,70.9,921.0,798093.0,,37.5,31.3,5.6,23.1,23.5,19.0,15.4,28.9,56.2,8.4,,4.0,33.8,23.4,23.4,39.1,57.8,29.4,49.2,22.2,9.6,5.5,0.1,21.8,11.1,13.5,61.9,48452.0,Houston-The Woodlands-Sugar Land,,,,23266.0,,9.009038702610533e-06,Metropolitan high commuting,Rural,2813.0,0.0006181079480595959
2915,2017,45,21602307.0,2915.0,36.95497,-99.1186,Philadelphia,GA,Georgia,False,,18257.0,429.2,31409.0,Queens,"{""31409"": 100}",Queens,31409,True,False,America/Denver,34.6,17.6,8.7,12.0,13.9,18.3,18.3,16.2,5.5,14.4,19.7,5.3,13.7,53.6,46.4,54.2,5.1,15.3,5.3,2.31,63.2,107400.0,5.3,26.7,13.3,4.3,22.9,23.7,19.2,25.6,22.1,26.5,13.0,22.4,67074.0,66.3,2029.0,176693.0,2867.0,26.1,8.0,5.0,20.7,34.3,25.0,40.0,15.0,58.4,3.3,7.5,,23.5,63.6,72.6,78.0,19.4,70.6,26.9,10.1,18.1,17.7,3.3,27.9,9.3,12.4,48.1,39521.0,Houston-The Woodlands-Sugar Land,False,,Boston-Worcester-Providence,,New York-White Plains-Wayne,2.0831108455221936e-06,Metropolitan high commuting,Urban,1995.0,9.235124748481725e-05
2129,2016,18,19242304.0,2129.0,36.5475,-95.31512,Dallas,CA,California,False,,12139.0,140.8,23420.0,Maricopa,"{""23420"": 100}",Maricopa,23420,False,False,America/New_York,56.2,23.5,17.1,17.8,13.3,17.4,9.6,11.0,9.8,11.7,7.1,19.4,7.8,46.0,54.0,55.8,5.9,17.8,3.8,2.93,51.7,69710.0,24.5,28.7,24.7,16.9,5.4,3.0,1.6,20.0,24.2,15.3,1.6,16.1,37273.0,84.4,1481.0,303990.0,1301.0,39.5,38.8,12.5,33.4,11.9,12.5,28.7,19.2,77.9,2.7,12.7,,73.6,72.4,13.4,30.0,49.9,13.6,77.5,46.2,7.5,7.4,1.7,42.3,7.9,9.2,,17612.0,Dallas-Fort Worth-Arlington,,544.0,,,,9.354389162545192e-07,Micropolitan high commuting,Rural,1529.0,7.946033905295333e-05
7745,2016,17,10980178.0,7745.0,44.03227,-123.85533,Dallas,CA,California,False,,47910.0,256.5,21432.0,Miami-Dade,"{""21432"": 100}",Miami-Dade,21432,True,True,America/Chicago,38.3,22.7,14.5,6.1,18.6,19.4,6.2,13.0,9.6,9.8,4.5,13.7,23.9,50.0,50.0,42.5,14.3,23.5,8.8,2.87,39.6,49551.0,14.6,21.1,0.9,0.3,2.3,16.1,25.6,0.1,28.1,3.2,25.3,14.5,62314.0,68.4,1793.0,266305.0,2349.0,22.3,33.1,23.5,21.9,28.8,35.1,27.0,31.7,73.0,4.9,9.1,,64.3,30.8,72.4,6.5,5.6,74.2,52.2,22.1,16.3,18.4,10.6,18.0,17.2,13.7,36.9,18627.0,Dallas-Fort Worth-Arlington,,,,14947.0,,1.5482444820111294e-06,Micropolitan high commuting,Urban,677.0,6.165655966597263e-05
7979,2020,13,32084035.0,7979.0,40.72885,-83.81384,San Diego,PA,Pennsylvania,False,,9959.0,431.6,62261.0,Queens,"{""62261"": 100}",Queens,62261,True,False,America/New_York,45.3,4.0,5.8,11.7,5.7,13.5,10.7,16.4,9.6,14.8,13.4,5.1,1.8,47.9,52.1,66.5,7.2,32.8,9.8,3.58,42.1,71002.0,13.4,0.2,24.6,10.8,16.2,20.3,21.1,28.7,15.9,12.0,28.6,19.3,58142.0,66.9,2314.0,208237.0,1105.0,27.2,28.1,21.5,12.0,26.1,7.1,19.5,24.1,63.1,8.0,17.4,,61.9,4.1,16.3,43.4,74.9,67.0,67.6,18.6,11.4,14.4,3.1,15.9,19.2,7.4,39.6,31605.0,Los Angeles-Long Beach-Anaheim,False,,,,,4.0518594372559435e-07,Small town core,Urban,439.0,1.3682817638118148e-05
9529,2012,10,9032304.0,9529.0,45.02101,-111.05578,Jacksonville,CA,California,False,,16928.0,97.5,35417.0,Harris,"{""35417"": 100}",Harris,35417,True,True,America/Phoenix,41.1,17.3,10.8,10.2,17.5,6.5,15.1,8.7,5.2,4.2,15.2,15.6,0.5,45.4,54.6,67.1,6.1,37.4,3.8,3.48,45.5,106850.0,23.8,18.1,14.8,1.2,29.5,11.5,4.6,20.0,8.5,17.6,17.6,13.4,76971.0,86.7,3153.0,728203.0,,23.1,35.2,14.3,25.7,22.7,5.6,37.6,7.7,70.6,8.3,16.9,,11.7,36.4,66.5,24.9,38.0,22.6,37.6,45.0,11.8,16.1,8.1,28.8,5.2,7.8,,44012.0,New York-Newark-Jersey City,True,,,,,1.1071372265592479e-06,Small town core,Urban,251.0,2.7789144386637118e-05
7766,2016,15,14090642.0,7766.0,34.20247,-110.70469,San Jose,TX,Texas,True,,44081.0,95.5,53552.0,Maricopa,"{""53552"": 100}",Maricopa,53552,False,True,America/Denver,43.0,15.6,6.1,12.6,7.7,13.6,14.6,13.4,16.1,8.4,19.1,11.5,12.1,51.5,48.5,40.6,14.8,30.5,4.5,2.17,34.5,55651.0,22.7,13.6,1.3,9.3,9.6,25.2,19.6,8.3,29.0,9.6,29.9,29.9,31317.0,60.5,1658.0,594649.0,604.0,24.9,35.9,19.6,30.2,37.1,19.3,11.7,23.1,77.2,8.4,6.0,,55.7,46.2,72.7,10.7,43.2,70.5,33.4,26.7,6.1,10.6,6.5,43.4,9.2,9.6,56.9,,Dallas-Fort Worth-Arlington,False,458.0,Los Angeles-Long Beach,,,1.0645363071462606e-06,Metropolitan core,Urban,1461.0,0.00010368583631604579
